Date,1-3-BDE,1-Butene,Acetylene,,C2H5SH,,C3-Lighter,,C5-C6 Plus,CH3SH,,cis-2-Butene,Cl,CO,CO2,,COS,CS2,Cu Strip @37.8oC,Density @15C,DES,DMS,Ethane,Ethylene,H2,H2S,i-Butane,"i-Butane,n-Butane",i-Butylene,i-Butyl Mercaptan,i-C3H7SH,i-Pentane,MA,Mercaptan,MES,Methane,N2,n-Butane,N-Butyl Mercaptan,n-Pentane,O2,"Pentane,Heavier",Propadiene,Propane,Propylene,sec-Butyl Mercaptan,SO2,Sp.Gr. @60/60F,Tert-Butyl Mercaptan,Thiophene,Total Cl,Total Cl,trans-2-Butene
1/2/2019 20:00,0.1,0.1,0.1,,,,,,,,,0.1,,0.1,0.1,,,,,,,,8.9,0.1,0.1,,28.6,50.9,0.6,,,,0.1,,,0.3,0.1,22.3,,,,2.8,0.1,36,0.2,,,,,,,,0.1
1/9/2019 20:00,0.1,0.1,0.1,,,,,,,,,0.1,,0.1,0.1,,,,,,,,5.8,0.1,0.1,,31.4,53.7,0.6,,,,0.1,,,0.1,0.1,22.3,,,,4.7,0.1,34.7,0.2,,,,,,,,0.1
1/16/2019 20:00,0.1,0.1,0.1,,,,,,,,,0.1,,0.1,0.1,,,,,,,,13.6,0.1,0.1,,27.1,41.9,0.4,,,,0.1,,,0.4,0.1,14.8,,,,0.1,0.1,43.3,0.2,,,,,,,,0.1
1/23/2019 20:00,0.1,0.1,0.1,,,,,,,,,0.1,,0.1,0.1,,,,,,,,7.6,0.1,0.1,,24.5,43.1,0.5,,,,0.1,,,0.1,0.1,18.6,,,,1.9,0.1,46.2,0.3,,,,,,,,0.1
1/30/2019 20:00,0.1,0.1,0.1,,,,,,,,,0.1,,0.1,0.1,,,,,,,,6.3,0.1,0.1,,30.5,55.1,0.6,,,,0.1,,,0.1,0.1,24.6,,,,4.1,0.1,33.2,0.2,,,,,,,,0.2
2/6/2019 20:00,0.1,0.2,0.1,,,,,,,,,0.1,,0.1,0.1,,,,,,,,6.3,0.1,0.1,,29.3,53.2,0.8,,,,0.1,,,0.1,0.1,23.9,,,,6.4,0.1,32.5,0.2,,,,,,,,0.2
2/8/2019 20:00,0.1,0.1,0.1,,,,,,,,,0.1,,0.1,0.1,,,,,,,,9.2,0.1,0.1,,21.8,41.5,0.6,,,,0.1,,,0.3,0.1,19.7,,,,7.6,0.1,40.1,0.3,,,,,,,,0.2
2/12/2019 20:00,0.1,0.2,0.1,,,,,,,,,0.2,,0.1,0.1,,,,,,,,6.5,0.1,0.1,,30,53.6,0.9,,,,0.1,,,0.1,0.1,23.6,,,,2.4,0.1,35.7,0.3,,,,,,,,0.2
2/13/2019 20:30,0.1,0.2,0.1,,,,,,,,,0.2,,0.1,0.1,,,,,,,,7.7,0.1,0.1,,27.2,48.4,0.8,,,,0.1,,,0.2,0.1,21.2,,,,2.2,0.1,39.8,0.3,,,,,,,,0.2
2/20/2019 20:00,0.1,0.2,0.1,,,,,,,,,0.1,,0.1,0.1,,,,,,,,7.5,0.1,0.1,,27.5,47.2,0.7,,,,0.1,,,0.2,0.1,19.7,,,,1.5,0.1,42.1,0.3,,,,,,,,0.2
2/27/2019 20:00,0.1,0.2,0.1,,,,,,,,,0.1,,0.1,0.1,,,,,,,,7.1,0.1,0.1,,31.2,53.6,0.8,,,,0.1,,,0.2,0.1,22.4,,,,1.4,0.1,36.1,0.3,,,,,,,,0.2
2/28/2019 06:00,0.1,0.2,0.1,,,,,,,,,0.1,,0.1,0.1,,,,,,,,7.4,0.1,0.1,,30.6,53.1,0.8,,,,0.1,,,0.2,0.1,22.5,,,,1.6,0.1,36.1,0.3,,,,,,,,0.2
2/28/2019 20:00,0.1,0.2,0.1,,,,,,,,,0.2,,0.1,0.1,,,,,,,,4.6,0.1,0.1,,32.9,61.4,0.9,,,,0.1,,,0.1,0.1,28.5,,,,2.5,0.1,29.6,0.2,,,,,,,,0.3
3/1/2019 20:00,0.1,0.2,0.1,,,,,,,,,0.2,,0.1,0.1,,,,,,,,6.8,0.1,0.1,,29.7,52.6,0.9,,,,0.1,,,0.1,0.1,22.9,,,,2.5,0.1,36.1,0.3,,,,,,,,0.3
3/2/2019 20:00,0.1,0.2,0.1,,,,,,,,,0.2,,0.1,0.1,,,,,,,,6.7,0.1,0.1,,29.9,55.3,1,,,,0.1,,,0.2,0.1,25.4,,,,3.6,0.1,32.2,0.3,,,,,,,,0.3
3/6/2019 20:00,0.1,0.2,0.1,,,,,,,,,0.1,,0.1,0.1,,,,,,,,5.7,0.1,0.1,,35.7,58.8,0.9,,,,0.1,,,0.1,0.1,23.1,,,,0.1,0.1,33.8,0.3,,,,,,,,0.2
3/7/2019 08:00,0.1,0.2,0.1,,,,,,,,,0.1,,0.1,0.1,,,,,,,,7.7,0.1,0.1,,28.6,51.1,0.8,,,,0.1,,,0.2,0.1,22.5,,,,5.7,0.1,33.7,0.3,,,,,,,,0.2
3/8/2019 08:00,0.1,0.1,0.1,,,,,,,,,0.1,,0.1,0.1,,,,,,,,6.8,0.1,0.1,,28.2,51.1,0.7,,,,0.1,,,0.2,0.1,22.9,,,,4.3,0.1,36.3,0.2,,,,,,,,0.2
3/9/2019 20:00,0.1,0.1,0.1,,,,,,,,,0.1,,0.1,0.1,,,,,,,,0.1,0.1,0.1,,29.1,53.1,0.7,,,,0.1,,,0.1,0.1,24,,,,5.5,0.1,40,0.3,,,,,,,,0.2
3/13/2019 20:00,0.1,0.2,0.1,,,,,,,,,0.1,,0.1,0.1,,,,,,,,6.3,0.1,0.1,,28.8,54.2,0.7,,,,0.1,,,0.1,0.1,25.4,,,,5.8,0.1,32.2,0.2,,,,,,,,0.2
3/14/2019 08:00,0.1,0.2,0.1,,,,,,,,,0.2,,0.1,0.1,,,,,,,,6.3,0.1,0.1,,29.3,55.7,0.8,,,,0.1,,,0.1,0.1,26.4,,,,4.9,0.1,31.4,0.2,,,,,,,,0.2
3/20/2019 20:00,0.1,0.2,0.1,,,,,,,,,0.1,,0.1,0.1,,,,,,,,6.7,0.1,0.1,,31,57,0.8,,,,0.1,,,0.2,0.1,26,,,,1,0.1,33.6,0.2,,,,,,,,0.2
3/27/2019 20:00,0.1,0.1,0.1,,,,,,,,,0.1,,0.1,0.1,,,,,,,,5.1,0.1,0.1,,39.2,63.3,0.7,,,,0.1,,,0.1,0.1,24.1,,,,0.1,0.1,30.4,0.1,,,,,,,,0.1
4/3/2019 20:00,0.1,0.1,0.1,,,,,,,,,0.1,,0.1,0.1,,,,,,,,8,0.1,0.1,,29.9,51.8,0.6,,,,0.1,,,0.2,0.1,21.9,,,,3.6,0.1,35.3,0.2,,,,,,,,0.1
4/10/2019 20:00,0.1,0.1,0.1,,,,,,,,,0.1,,0.1,0.1,,,,,,,,5,0.1,0.1,,32.6,61.5,0.7,,,,0.1,,,0.2,0.1,28.9,,,,4.6,0.1,27.5,0.1,,,,,,,,0.2
4/17/2019 20:00,0.1,0.1,0.1,,,,,,,,,0.1,,0.1,0.1,,,,,,,,8.4,0.1,0.1,,31.8,51.2,0.6,,,,0.1,,,0.2,0.1,19.4,,,,0.1,0.1,39,0.2,,,,,,,,0.1
4/24/2019 20:00,0.1,0.1,0.1,,,,,,,,,0.1,,0.1,0.1,,,,,,,,9.7,0.1,0.1,,28.2,46.8,0.5,,,,0.1,,,0.4,0.1,18.6,,,,4.8,0.1,37.3,0.2,,,,,,,,0.1
5/1/2019 20:00,0.1,0.1,0.1,,,,,,,,,0.1,,0.1,0.1,,,,,,,,5.2,0.1,0.1,,31.9,57.1,0.6,,,,0.1,,,0.1,0.1,25.2,,,,3.9,0.1,32.6,0.2,,,,,,,,0.1
5/8/2019 20:00,0.1,0.1,0.1,,,,,,,,,0.1,,0.1,0.1,,,,,,,,5.3,0.1,0.1,,32.8,58.9,0.6,,,,0.1,,,0.1,0.1,26.1,,,,2.6,0.1,31.9,0.2,,,,,,,,0.2
5/15/2019 20:00,0.1,0.1,0.1,,,,,,,,,0.1,,0.1,0.1,,,,,,,,6,0.1,0.1,,32.4,59.3,0.6,,,,0.1,,,0.2,0.1,26.9,,,,2.5,0.1,30.8,0.2,,,,,,,,0.2
5/22/2019 20:00,0.1,0.1,0.1,,,,,,,,,0.1,,0.1,0.1,,,,,,,,4.8,0.1,0.1,,35,65.5,0.8,,,,0.1,,,0.1,0.1,30.5,,,,0.5,0.1,27.7,0.2,,,,,,,,0.2
5/29/2019 20:00,0.1,0.2,0.1,,,,,,,,,0.2,,0.1,0.1,,,,,,,,7.2,0.1,0.1,,29.9,54.4,0.9,,,,0.1,,,0.2,0.1,24.5,,,,3.2,0.1,33.3,0.2,,,,,,,,0.2
6/5/2019 20:00,0.1,0.2,0.1,,,,,,,,,0.2,,0.1,0.1,,,,,,,,9.2,0.1,0.1,,26.4,52.4,0.9,,,,0.1,,,0.3,0.1,26,,,,0.7,0.1,35.5,0.3,,,,,,,,0.3
6/12/2019 20:00,0.1,0.1,0.1,,,,,,,,,0.1,,0.1,0.1,,,,,,,,5.8,0.1,0.1,,30.9,52.6,0.6,,,,0.1,,,0.1,0.1,21.7,,,,5.8,0.1,34.6,0.2,,,,,,,,0.1
6/19/2019 20:00,0.1,0.1,0.1,,,,,,,,,0.1,,0.1,0.1,,,,,,,,3.6,0.1,0.1,,36,62.2,0.8,,,,0.1,,,0.1,0.1,26.2,,,,1.2,0.1,31.6,0.2,,,,,,,,0.2
6/23/2019 12:00,,,,,0.5,,,,,0.5,,,,,,,0.5,0.5,,,,,,,,1.4,,,,,,,,,,,,,,,,,,,,,,,,,,,
6/23/2019 12:00,,,,,,,,,,,,,,,,,,,No. 2,,,,,,,,,,,,,,,,,,,,,,,,,,,,,,,,,,
6/23/2019 16:00,,,,,,,,,,,,,,,,,,,No. 2,,,,,,,,,,,,,,,,,,,,,,,,,,,,,,,,,,
6/23/2019 22:00,,,,,,,,,,,,,,,,,,,No. 1,,,,,,,,,,,,,,,,,,,,,,,,,,,,,,,,,,
6/24/2019 07:00,,,,,,,,,,,,,,,,,,,No. 1,,,,,,,,,,,,,,,,,,,,,,,,,,,,,,,,,,
6/25/2019 20:00,,,,,,,,,,,,,,,,,,,No. 1,,,,,,,,,,,,,,,,,,,,,,,,,,,,,,,,,,
6/26/2019 20:00,0.1,0.1,0.1,,,,,,,,,0.1,,0.1,0.1,,,,,,,,4.4,0.1,0.1,,35.3,59.7,0.6,,,,0.1,,,0.1,0.1,24.4,,,,0.5,0.1,34.3,0.2,,,,,,,,0.1
6/26/2019 20:00,,,,,,,,,,,,,,,,,,,No. 1,,,,,,,,,,,,,,,,,,,,,,,,,,,,,,,,,,
6/28/2019 20:00,,,,,,,,,,,,,,,,,,,No. 3,,,,,,,,,,,,,,,,,,,,,,,,,,,,,,,,,,
6/29/2019 10:00,,,,,,,,,,,,,,,,,,,No. 1,,,,,,,,,,,,,,,,,,,,,,,,,,,,,,,,,,
6/29/2019 22:00,,,,,,,,,,,,,,,,,,,No. 4,,,,,,,,,,,,,,,,,,,,,,,,,,,,,,,,,,
6/30/2019 09:00,,,,,0.5,,,,,0.5,,,,,,,0.5,0.5,,,0.5,0.5,,,,1.8,,,,0.5,0.5,,,,0.5,,,,0.5,,,,,,,0.5,,,0.5,0.5,,,
6/30/2019 09:00,,,,,,,,,,,,,,,,,,,No. 2,,,,,,,,,,,,,,,,,,,,,,,,,,,,,,,,,,
6/30/2019 13:00,,,,,0.5,,,,,0.5,,,,,,,0.5,0.5,,,0.5,0.5,,,,3,,,,0.5,0.5,,,,0.5,,,,0.5,,,,,,,0.5,,,0.5,0.5,,,
6/30/2019 13:00,,,,,,,,,,,,,,,,,,,No. 2,,,,,,,,,,,,,,,,,,,,,,,,,,,,,,,,,,
6/30/2019 20:00,,,,,0.5,,,,,0.5,,,,,,,0.5,0.5,,,0.5,0.5,,,,1.2,,,,0.5,0.5,,,,0.5,,,,0.5,,,,,,,0.5,,,0.5,0.5,,,
6/30/2019 20:00,,,,,,,,,,,,,,,,,,,No. 3,,,,,,,,,,,,,,,,,,,,,,,,,,,,,,,,,,
7/1/2019 20:00,,,,,,,,,,,,,,,,,,,No. 2,,,,,,,,,,,,,,,,,,,,,,,,,,,,,,,,,,
7/1/2019 20:00,,,,,0.5,,,,,0.5,,,,,,,0.5,0.5,,,0.5,0.5,,,,1,,,,0.5,0.5,,,,0.5,,,,0.5,,,,,,,0.5,,,0.5,0.5,,,
7/3/2019 20:00,0.1,0.1,0.1,,,,,,,,,0.2,,0.1,0.1,,,,,,,,7.3,0.1,0.1,,30.6,58.5,0.8,,,,0.1,,,0.2,0.1,27.9,,,,0.1,0.1,32.4,0.2,,,,,,,,0.2
7/3/2019 20:00,,,,,0.5,,,,,0.5,,,,,,,0.5,0.5,,,0.5,0.5,,,,2,,,,0.5,0.5,,,,0.5,,,,0.5,,,,,,,0.5,,,0.5,0.5,,,
7/3/2019 22:00,,,,,,,,,,,,,,,,,,,No. 1,,,,,,,,,,,,,,,,,,,,,,,,,,,,,,,,,,
7/5/2019 20:00,,,,,,,,,,,,,,,,,,,No. 1,,,,,,,,,,,,,,,,,,,,,,,,,,,,,,,,,,
7/8/2019 20:00,,,,,,,,,,,,,,,,,,,No. 2,,,,,,,,,,,,,,,,,,,,,,,,,,,,,,,,,,
7/10/2019 20:00,0.1,0.1,0.1,,,,,,,,,0.1,,0.1,0.1,,,,,,,,7,0.1,0.1,,31.8,53.8,0.5,,,,0.1,,,0.2,0.1,22,,,,2.7,0.1,35.3,0.2,,,,,,,,0.1
7/10/2019 20:00,,,,,,,,,,,,,,,,,,,No. 2,,,,,,,,,,,,,,,,,,,,,,,,,,,,,,,,,,
7/12/2019 20:00,,,,,,,,,,,,,,,,,,,No. 2,,,,,,,,,,,,,,,,,,,,,,,,,,,,,,,,,,
7/15/2019 20:00,,,,,,,,,,,,,,,,,,,No. 3,,,,,,,,,,,,,,,,,,,,,,,,,,,,,,,,,,
7/17/2019 20:00,0.1,0.1,0.1,,,,,,,,,0.1,,0.1,0.1,,,,,,,,6.9,0.1,0.1,,29.4,49.9,0.6,,,,0.1,,,0.2,0.1,20.5,,,,4.9,0.1,37,0.2,,,,,,,,0.1
7/17/2019 20:00,,,,,0.5,,,,,0.5,,,,,,,0.5,0.5,,,0.5,0.5,,,,2.1,,,,0.5,0.5,,,,0.5,,,,0.5,,,,,,,0.5,,,0.5,0.5,,,
7/17/2019 20:00,,,,,,,,,,,,,,,,,,,No. 2,,,,,,,,,,,,,,,,,,,,,,,,,,,,,,,,,,
7/19/2019 20:00,,,,,,,,,,,,,,,,,,,No. 2,,,,,,,,,,,,,,,,,,,,,,,,,,,,,,,,,,
7/22/2019 20:00,,,,,,,,,,,,,,,,,,,No. 3,,,,,,,,,,,,,,,,,,,,,,,,,,,,,,,,,,
7/24/2019 21:00,,,,,,,,,,,,,,,,,,,No. 1,,,,,,,,,,,,,,,,,,,,,,,,,,,,,,,,,,
7/24/2019 22:00,0.1,0.1,0.1,,,,,,,,,0.1,,0.1,0.1,,,,,,,,7.9,0.1,0.1,,29.9,54.9,0.7,,,,0.1,,,0.2,0.1,25,,,,3,0.1,32.7,0.2,,,,,,,,0.2
7/26/2019 20:00,,,,,,,,,,,,,,,,,,,No. 2,,,,,,,,,,,,,,,,,,,,,,,,,,,,,,,,,,
7/29/2019 20:00,,,,,,,,,,,,,,,,,,,No. 3,,,,,,,,,,,,,,,,,,,,,,,,,,,,,,,,,,
7/31/2019 20:00,0.1,0.1,0.1,,,,,,,,,0.1,,0.1,0.1,,,,,,,,1.6,0.1,0.1,,30,56.9,0.6,,,,0.1,,,0.1,0.1,26.9,,,,11.2,0.1,29.2,0.1,,,,,,,,0.2
7/31/2019 20:00,,,,,,,,,,,,,,,,,,,No. 1,,,,,,,,,,,,,,,,,,,,,,,,,,,,,,,,,,
8/2/2019 21:00,,,,,,,,,,,,,,,,,,,No. 2,,,,,,,,,,,,,,,,,,,,,,,,,,,,,,,,,,
8/7/2019 20:00,0.1,0.1,0.1,,,,,,,,,0.1,,0.1,0.1,,,,,,,,2.6,0.1,0.1,,33.7,62.8,0.7,,,,0.1,,,0.1,0.1,29.1,,,,4.5,0.1,28.8,0.2,,,,,,,,0.2
8/7/2019 20:00,,,,,,,,,,,,,,,,,,,No. 2,,,,,,,,,,,,,,,,,,,,,,,,,,,,,,,,,,
8/9/2019 08:00,,,,,,,,,,,,,,,,,,,No. 2,,,,,,,,,,,,,,,,,,,,,,,,,,,,,,,,,,
8/9/2019 22:00,,,,,,,,,,,,,,,,,,,No. 3,,,,,,,,,,,,,,,,,,,,,,,,,,,,,,,,,,
8/12/2019 20:00,,,,,,,,,,,,,,,,,,,No. 2,,,,,,,,,,,,,,,,,,,,,,,,,,,,,,,,,,
8/14/2019 20:00,0.1,0.2,0.1,,,,,,,,,0.1,,0.1,0.1,,,,,,,,6.2,0.1,0.1,,26.8,48.7,0.7,,,,0.1,,,0.2,0.1,21.9,,,,5.1,0.1,38.3,0.3,,,,,,,,0.2
8/14/2019 20:00,,,,,,,,,,,,,,,,,,,No. 2,,,,,,,,,,,,,,,,,,,,,,,,,,,,,,,,,,
8/16/2019 20:00,,,,,,,,,,,,,,,,,,,No. 3,,,,,,,,,,,,,,,,,,,,,,,,,,,,,,,,,,
8/19/2019 20:00,,,,,,,,,,,,,,,,,,,No. 2,,,,,,,,,,,,,,,,,,,,,,,,,,,,,,,,,,
8/21/2019 20:00,0.1,0.1,0.1,,,,,,,,,0.1,,0.1,0.1,,,,,,,,6,0.1,0.1,,30.2,59.4,0.6,,,,0.1,,,0.2,0.1,29.2,,,,2.6,0.1,30.6,0.2,,,,,,,,0.2
8/21/2019 20:00,,,,,,,,,,,,,,,,,,,No. 3,,,,,,,,,,,,,,,,,,,,,,,,,,,,,,,,,,
8/23/2019 20:00,,,,,,,,,,,,,,,,,,,No. 3,,,,,,,,,,,,,,,,,,,,,,,,,,,,,,,,,,
8/26/2019 20:00,,,,,,,,,,,,,,,,,,,No. 3,,,,,,,,,,,,,,,,,,,,,,,,,,,,,,,,,,
8/27/2019 20:00,0.1,0.1,0.1,,,,,,,,,0.1,,0.1,0.1,,,,,0.5408,,,7.2,0.1,0.1,,29.2,50,0.7,,,,0.1,,,0.1,0.1,20.8,,,,4.3,0.1,37.1,0.2,,,0.5407,,,,,0.2
8/28/2019 20:00,0.1,0.1,0.1,,,,,,,,,0.1,,0.1,0.1,,,,No. 2,0.5456,,,5.7,0.1,0.1,,30,51.4,0.7,,,,0.1,,,0.1,0.1,21.4,,,,6,0.1,35.5,0.2,,,0.5455,,,,,0.2
8/30/2019 20:00,,,,,,,,,,,,,,,,,,,No. 2,,,,,,,,,,,,,,,,,,,,,,,,,,,,,,,,,,
9/2/2019 20:00,,,,,,,,,,,,,,,,,,,No. 1,,,,,,,,,,,,,,,,,,,,,,,,,,,,,,,,,,
9/3/2019 10:00,,,,,,,,,,,,,,,,,,,No. 2,,,,,,,,,,,,,,,,,,,,,,,,,,,,,,,,,,
9/4/2019 20:00,0.1,0.1,0.1,,,,,,,,,0.1,,0.1,0.1,,,,,,,,5.8,0.1,0.1,,35.7,60.6,0.5,,,,0.1,,,0.2,0.1,24.9,,,,1.4,0.1,31.1,0.1,,,,,,,,0.1
9/4/2019 20:00,,,,,,,,,,,,,,,,,,,No. 2,,,,,,,,,,,,,,,,,,,,,,,,,,,,,,,,,,
9/6/2019 20:00,,,,,,,,,,,,,,,,,,,No. 2,,,,,,,,,,,,,,,,,,,,,,,,,,,,,,,,,,
9/9/2019 20:00,,,,,,,,,,,,,2.6,,,,,,,,,,,,,,,,,,,,,,,,,,,,,,,,,,,,,,,2.6,
9/9/2019 20:00,,,,,,,,,,,,,,,,,,,No. 2,,,,,,,,,,,,,,,,,,,,,,,,,,,,,,,,,2.6,
9/11/2019 20:00,0.1,0.1,0.1,,,,,,,,,0.1,,0.1,0.1,,,,,,,,6.3,0.1,0.1,,31,56.6,0.5,,,,0.1,,,0.1,0.1,25.6,,,,3.8,0.1,32.2,0.2,,,,,,,,0.1
9/11/2019 20:00,,,,,0.5,,,,,0.5,,,,,,,0.5,0.5,No. 2,,,,,,,1,,,,,,,,0.5,,,,,,,,,,,,,0.5,,,,,,
9/13/2019 20:00,,,,,0.5,,,,,0.5,,,,,,,0.5,0.5,No. 2,,,,,,,0.5,,,,,,,,0.5,,,,,,,,,,,,,0.5,,,,,,
9/16/2019 20:00,,,,,,,,,,,,,,,,,,,No. 2,,,,,,,,,,,,,,,,,,,,,,,,,,,,,,,,,,
9/18/2019 20:00,0.1,0.1,0.1,,,,,,,,,0.1,,0.1,0.1,,,,,,,,4.8,0.1,0.1,,33.3,62.1,0.6,,,,0.1,,,0.1,0.1,28.8,,,,0.9,0.1,31,0.2,,,,,,,,0.2
9/18/2019 20:00,,,,,,,,,,,,,,,,,,,No. 4,,,,,,,,,,,,,,,,,,,,,,,,,,,,,,,,,,
9/20/2019 20:00,,,,,,,,,,,,,,,,,,,No. 2,,,,,,,,,,,,,,,,,,,,,,,,,,,,,,,,,,
9/23/2019 20:00,,,,,,,,,,,,,,,,,,,No. 2,,,,,,,,,,,,,,,,,,,,,,,,,,,,,,,,,,
9/25/2019 20:00,0.1,0.1,0.1,,,,,,,,,0.1,,0.1,0.1,,,,,,,,0.1,0.1,0.1,,33.1,59.8,0.6,,,,0.1,,,0.1,0.1,26.7,,,,4.3,0.1,34.8,0.2,,,,,,,,0.1
9/25/2019 20:00,,,,,,,,,,,,,,,,,,,No. 2,,,,,,,,,,,,,,,,,,,,,,,,,,,,,,,,,,
9/30/2019 20:00,,,,,,,,,,,,,,,,,,,No. 2,,,,,,,,,,,,,,,,,,,,,,,,,,,,,,,,,,
10/2/2019 20:00,0.1,0.1,0.1,,,,,,,,,0.2,,0.1,0.1,,,,,,,,1.2,0.1,0.1,,38.4,78,0.8,,,,0.1,,,0.1,0.1,39.6,,,,3.5,0.1,15.9,0.1,,,,,,,,0.2
10/7/2019 20:00,,,,,,,,,,,,,,,,,,,No. 2,,,,,,,,,,,,,,,,,,,,,,,,,,,,,,,,,,
10/9/2019 20:00,0.1,0.1,0.1,,,,,,,,,0.1,,0.1,0.1,,,,,,,,7.4,0.1,0.1,,29.4,49.2,0.7,,,,0.1,,,0.2,0.1,19.8,,,,4.2,0.1,37.7,0.2,,,,,,,,0.2
10/14/2019 20:00,,,,,,,,,,,,,,,,,,,No. 2,,,,,,,,,,,,,,,,,,,,,,,,,,,,,,,,,,
10/16/2019 20:00,0.1,0.1,0.1,,,,,,,,,0.1,,0.1,0.1,,,,,,,,5.9,0.1,0.1,,33.7,59.4,0.6,,,,0.1,,,0.1,0.1,25.7,,,,2.7,0.1,30.8,0.2,,,,,,,,0.1
10/21/2019 20:00,,,,,,,,,,,,,,,,,,,No. 2,,,,,,,,,,,,,,,,,,,,,,,,,,,,,,,,,,
10/23/2019 20:00,0.1,0.1,0.1,,,,,,,,,0.1,,0.1,0.1,,,,,,,,6.7,0.1,0.1,,29.2,52,0.6,,,,0.1,,,0.1,0.1,22.8,,,,5,0.1,35.1,0.2,,,,,,,,0.1
10/28/2019 20:00,,,,,,,,,,,,,,,,,,,No. 2,,,,,,,,,,,,,,,,,,,,,,,,,,,,,,,,,,
10/30/2019 20:00,0.1,0.1,0.1,,,,,,,,,0.1,,0.1,0.1,,,,,,,,5.3,0.1,0.1,,32.9,60.8,0.6,,,,0.1,,,0.1,0.1,27.9,,,,3.3,0.1,29.3,0.2,,,,,,,,0.2
11/4/2019 20:00,,,,,,,,,,,,,,,,,,,No. 2,,,,,,,,,,,,,,,,,,,,,,,,,,,,,,,,,,
11/6/2019 20:00,0.1,0.2,0.1,,,,,,,,,0.2,,0.1,0.1,,,,,,,,8.9,0.1,0.1,,27,51.5,0.9,,,,0.1,,,0.2,0.1,24.5,,,,3,0.1,34.5,0.3,,,,,,,,0.3
11/11/2019 20:00,,,,,,,,,,,,,,,,,,,No. 3,,,,,,,,,,,,,,,,,,,,,,,,,,,,,,,,,,
11/13/2019 20:00,0.1,0.1,0.1,,,,,,,,,0.1,,0.1,0.1,,,,,,,,6.5,0.1,0.1,,31.8,59.7,0.7,,,,0.1,,,0.2,0.1,27.9,,,,1,0.1,31.3,0.2,,,,,,,,0.2
11/18/2019 20:00,,,,,,,,,,,,,,,,,,,No. 3,,,,,,,,,,,,,,,,,,,,,,,,,,,,,,,,,,
11/19/2019 20:00,0.1,0.1,0.1,,,,,,,,,0.1,,0.1,0.1,,,,,,,,5,0.1,0.1,,39,60,0.7,,,,0.1,,,0.1,0.1,21,,,,0.1,0.1,33.7,0.2,,,0.5428,,,,,0.1
11/20/2019 20:00,0.1,0.1,0.1,,,,,,,,,0.1,,0.1,0.1,,,,,,,,5.9,0.1,0.1,,33,60.4,0.7,,,,0.1,,,0.1,0.1,27.4,,,,1.8,0.1,30.5,0.2,,,,,,,,0.2
11/25/2019 20:00,,,,,,,,,,,,,,,,,,,No. 1,,,,,,,,,,,,,,,,,,,,,,,,,,,,,,,,,,
11/27/2019 20:00,0.1,0.1,0.1,,,,,,,,,0.1,,0.1,0.1,,,,,,,,5.3,0.1,0.1,,30.6,56.6,0.6,,,,0.1,,,0.1,0.1,26,,,,6.4,0.1,30.4,0.2,,,,,,,,0.2
12/2/2019 20:00,,,,,,,,,,,,,,,,,,,No. 1,,,,,,,,,,,,,,,,,,,,,,,,,,,,,,,,,,
12/4/2019 20:00,0.1,0.1,0.1,,,,,,,,,0.1,,0.1,0.1,,,,,,,,9.7,0.1,0.1,,24.7,43.6,0.5,,,,0.1,,,0.2,0.1,18.9,,,,4.2,0.1,41.3,0.2,,,,,,,,0.1
12/9/2019 20:00,,,,,,,,,,,,,,,,,,,No. 2,,,,,,,,,,,,,,,,,,,,,,,,,,,,,,,,,,
12/11/2019 20:00,0.1,0.1,0.1,,,,,,,,,0.1,,0.1,0.1,,,,,,,,5.2,0.1,0.1,,30.2,55.6,0.6,,,,0.1,,,0.1,0.1,25.4,,,,6.6,0.1,31.3,0.2,,,,,,,,0.2
12/16/2019 20:00,,,,,,,,,,,,,,,,,,,No. 2,,,,,,,,,,,,,,,,,,,,,,,,,,,,,,,,,,
12/18/2019 20:00,0.1,0.1,0.1,,,,,,,,,0.1,,0.1,0.1,,,,,,,,6.4,0.1,0.1,,27.1,50.3,0.6,,,,0.1,,,0.1,0.1,23.2,,,,6.2,0.1,35.8,0.2,,,,,,,,0.2
12/21/2019 09:00,0.1,0.1,0.1,,,,,,,,,0.1,,0.1,0.1,,,,,,,,7.3,0.1,0.1,,31.6,52.4,0.5,,,,0.1,,,0.2,0.1,20.8,,,,0.4,0.1,38.7,0.2,,,,,,,,0.1
12/23/2019 20:00,,,,,,,,,,,,,,,,,,,No. 2,,,,,,,,,,,,,,,,,,,,,,,,,,,,,,,,,,
12/25/2019 20:00,0.1,0.1,0.1,,,,,,,,,0.1,,0.1,0.1,,,,,,,,6.5,0.1,0.1,,32,55.5,0.6,,,,0.1,,,0.1,0.1,23.5,,,,0.2,0.1,36.6,0.2,,,,,,,,0.1
12/27/2019 10:00,,,,,,,,,,,,,1.3,,,,,,,,,,,,,,,,,,,,,,,,,,,,,,,,,,,,,,,1.3,
1/1/2020 20:00,0.1,0.1,0.1,,,,,,,,,0.1,,0.1,0.1,,,,,,,,7.4,0.1,0.1,,29.5,53.1,0.6,,,,0.1,,,0.2,0.1,23.6,,,,1.6,0.1,36.6,0.2,,,,,,,,0.1
1/8/2020 20:00,0.1,0.1,0.1,,,,,,,,,0.1,,0.1,0.1,,,,,,,,4.5,0.1,0.1,,45.2,60.6,0.7,,,,0.1,,,0.1,0.1,15.4,,,,0.1,0.1,33.7,0.2,,,,,,,,0.1
1/15/2020 20:00,0.1,0.1,0.1,,,,,,,,,0.1,,0.1,0.1,,,,,,,,4.9,0.1,0.1,,37.5,53.7,0.7,,,,0.1,,,0.1,0.1,16.2,,,,0.1,0.1,40.3,0.2,,,,,,,,0.1
1/22/2020 20:00,0.1,0.1,0.1,,,,,,,,,0.1,,0.1,0.1,,,,,,,,13.9,0.1,0.1,,28.6,37,0.4,,,,0.1,,,0.7,0.1,8.4,,,,0.1,0.1,47.7,0.2,,,,,,,,0.1
2/12/2020 20:00,0.1,0.1,0.1,,,,,,,,,0.1,,0.1,0.1,,,,,,,,9.5,0.1,0.1,,30.3,50.1,0.7,,,,0.1,,,0.5,0.1,19.8,,,,0.1,0.1,38.8,0.2,,,,,,,,0.1
2/12/2020 20:00,,,,,,,,,,,,,,,,,,,No. 1,,,,,,,,,,,,,,,,,,,,,,,,,,,,,,,,,,
2/13/2020 20:00,,,,,,,,,,,,,,,,,,,No. 1,,,,,,,,,,,,,,,,,,,,,,,,,,,,,,,,,,
2/14/2020 20:00,,,,,,,,,,,,,,,,,,,No. 1,,,,,,,,,,,,,,,,,,,,,,,,,,,,,,,,,,
2/15/2020 19:33,,,,,,,,,,,,,,,,,,,No. 1,,,,,,,,,,,,,,,,,,,,,,,,,,,,,,,,,,
2/16/2020 20:00,,,,,,,,,,,,,,,,,,,No. 1,,,,,,,,,,,,,,,,,,,,,,,,,,,,,,,,,,
2/17/2020 20:00,,,,,,,,,,,,,,,,,,,No. 1,,,,,,,,,,,,,,,,,,,,,,,,,,,,,,,,,,
2/18/2020 20:00,,,,,,,,,,,,,,,,,,,No. 1,,,,,,,,,,,,,,,,,,,,,,,,,,,,,,,,,,
2/19/2020 20:00,0.1,0.1,0.1,,,,,,,,,0.1,,0.1,0.1,,,,,,,,6.8,0.1,0.1,,30.8,54.9,0.6,,,,0.1,,,0.2,0.1,24.1,,,,0.4,0.1,36.5,0.2,,,,,,,,0.2
2/19/2020 20:00,,,,,,,,,,,,,,,,,,,No. 1,,,,,,,,,,,,,,,,,,,,,,,,,,,,,,,,,,
2/20/2020 20:00,,,,,,,,,,,,,,,,,,,No. 1,,,,,,,,,,,,,,,,,,,,,,,,,,,,,,,,,,
2/21/2020 20:00,,,,,,,,,,,,,,,,,,,No. 2,,,,,,,,,,,,,,,,,,,,,,,,,,,,,,,,,,
2/22/2020 09:00,,,,,,,,,,,,,,,,,,,No. 2,,,,,,,,,,,,,,,,,,,,,,,,,,,,,,,,,,
2/23/2020 20:00,,,,,,,,,,,,,,,,,,,No. 3,,,,,,,,,,,,,,,,,,,,,,,,,,,,,,,,,,
2/24/2020 20:00,,,,,,,,,,,,,,,,,,,No. 3,,,,,,,,,,,,,,,,,,,,,,,,,,,,,,,,,,
2/25/2020 20:00,,,,,,,,,,,,,,,,,,,No. 1,,,,,,,,,,,,,,,,,,,,,,,,,,,,,,,,,,
2/26/2020 20:00,0.1,0.2,0.1,,,,,,,,,0.1,,0.1,0.1,,,,,,,,6.4,0.1,0.1,,30.9,58.6,0.8,,,,0.1,,,0.2,0.1,27.7,,,,0.1,0.1,33.3,0.2,,,,,,,,0.2
2/26/2020 20:00,,,,,,,,,,,,,,,,,,,No. 2,,,,,,,,,,,,,,,,,,,,,,,,,,,,,,,,,,
2/27/2020 20:00,,,,,,,,,,,,,,,,,,,No. 2,,,,,,,,,,,,,,,,,,,,,,,,,,,,,,,,,,
2/28/2020 20:00,,,,,,,,,,,,,,,,,,,No. 2,,,,,,,,,,,,,,,,,,,,,,,,,,,,,,,,,,
2/29/2020 20:00,,,,,,,,,,,,,,,,,,,No. 2,,,,,,,,,,,,,,,,,,,,,,,,,,,,,,,,,,
3/1/2020 20:00,,,,,,,,,,,,,,,,,,,No. 2,,,,,,,,,,,,,,,,,,,,,,,,,,,,,,,,,,
3/2/2020 20:00,,,,,,,,,,,,,,,,,,,No. 2,,,,,,,,,,,,,,,,,,,,,,,,,,,,,,,,,,
3/3/2020 20:00,,,,,,,,,,,,,,,,,,,No. 2,,,,,,,,,,,,,,,,,,,,,,,,,,,,,,,,,,
3/4/2020 20:00,,,,,,,,,,,,,,,,,,,No. 1,,,,,,,,,,,,,,,,,,,,,,,,,,,,,,,,,,
3/5/2020 20:00,,,,,,,,,,,,,,,,,,,No. 1,,,,,,,,,,,,,,,,,,,,,,,,,,,,,,,,,,
3/5/2020 20:30,0.1,0.1,0.1,,,,,,,,,0.1,,0.1,0.1,,,,,,,,4.6,0.1,0.1,,34,67.7,0.8,,,,0.1,,,0.1,0.1,33.7,,,,0.1,0.1,26.2,0.2,,,,,,,,0.2
3/6/2020 20:00,,,,,,,,,,,,,,,,,,,No. 1,,,,,,,,,,,,,,,,,,,,,,,,,,,,,,,,,,
3/9/2020 20:00,,,,,,,,,,,,,,,,,,,No. 1,,,,,,,,,,,,,,,,,,,,,,,,,,,,,,,,,,
3/11/2020 20:00,,,,,,,,,,,,,,,,,,,No. 1,,,,,,,,,,,,,,,,,,,,,,,,,,,,,,,,,,
3/12/2020 20:00,0.1,0.1,0.1,,,,,,,,,0.1,,0.1,0.1,,,,,,,,7.5,0.1,0.1,,29.9,55.7,0.7,,,,0.1,,,0.2,0.1,25.8,,,,1.2,0.1,34.1,0.2,,,,,,,,0.2
3/13/2020 20:00,,,,,,,,,,,,,,,,,,,No. 2,,,,,,,,,,,,,,,,,,,,,,,,,,,,,,,,,,
3/14/2020 20:00,,,,,,,,,,,,,,,,,,,No. 2,,,,,,,,,,,,,,,,,,,,,,,,,,,,,,,,,,
3/15/2020 07:00,,,,,,,,,,,,,,,,,,,No. 1,,,,,,,,,,,,,,,,,,,,,,,,,,,,,,,,,,
3/15/2020 16:00,,,,,,,,,,,,,,,,,,,No. 2,,,,,,,,,,,,,,,,,,,,,,,,,,,,,,,,,,
3/15/2020 20:00,,,,,,,,,,,,,,,,,,,No. 2,,,,,,,,,,,,,,,,,,,,,,,,,,,,,,,,,,
3/16/2020 16:00,,,,,,,,,,,,,0.5,,,,,,,,,,,,,,,,,,,,,,,,,,,,,,,,,,,,,,,0.5,
3/16/2020 16:00,,,,,,,,,,,,,,,,,,,,,,,,,,,,,,,,,,,,,,,,,,,,,,,,,,,,0.5,
3/16/2020 20:00,,,,,,,,,,,,,,,,,,,No. 1,,,,,,,,,,,,,,,,,,,,,,,,,,,,,,,,,,
3/17/2020 11:30,,,,,,,,,,,,,,,,,,,No. 1,,,,,,,,,,,,,,,,,,,,,,,,,,,,,,,,,,
3/18/2020 20:00,,,,,,,,,,,,,,,,,,,No. 1,,,,,,,,,,,,,,,,,,,,,,,,,,,,,,,,,,
3/19/2020 20:00,0.1,0.1,0.1,,,,,,,,,0.1,,0.1,0.1,,,,,,,,4.9,0.1,0.1,,32.1,62.9,0.7,,,,0.1,,,0.1,0.1,30.8,,,,0.7,0.1,30.1,0.2,,,,,,,,0.2
3/20/2020 20:00,,,,,,,,,,,,,,,,,,,No. 2,,,,,,,,,,,,,,,,,,,,,,,,,,,,,,,,,,
3/21/2020 10:00,,,,,,,,,,,,,,,,,,,No. 1,,,,,,,,,,,,,,,,,,,,,,,,,,,,,,,,,,
3/23/2020 20:00,,,,,,,,,,,,,,,,,,,No. 1,,,,,,,,,,,,,,,,,,,,,,,,,,,,,,,,,,
3/25/2020 20:00,,,,,,,,,,,,,,,,,,,No. 1,,,,,,,,,,,,,,,,,,,,,,,,,,,,,,,,,,
3/26/2020 20:00,0.1,0.1,0.1,,,,,,,,,0.2,,0.1,0.1,,,,,,,,1.7,0.1,0.1,,36,73,0.9,,,,0.1,,,0.1,0.1,37,,,,4.1,0.1,19.7,0.1,,,,,,,,0.2
3/27/2020 20:00,,,,,,,,,,,,,,,,,,,No. 2,,,,,,,,,,,,,,,,,,,,,,,,,,,,,,,,,,
3/28/2020 07:00,,,,,,,,,,,,,,,,,,,No. 1,,,,,,,,,,,,,,,,,,,,,,,,,,,,,,,,,,
3/30/2020 20:00,,,,,,,,,,,,,,,,,,,No. 1,,,,,,,,,,,,,,,,,,,,,,,,,,,,,,,,,,
4/1/2020 20:00,,,,,,,,,,,,,,,,,,,No. 3,,,,,,,,,,,,,,,,,,,,,,,,,,,,,,,,,,
4/2/2020 10:40,,,,,,,,,,,,,,,,,,,No. 1,,,,,,,,,,,,,,,,,,,,,,,,,,,,,,,,,,
4/2/2020 20:00,0.1,0.2,0.1,,,,,,,,,0.2,,0.1,0.1,,,,,,,,5,0.1,0.1,,31.1,58.2,0.8,,,,0.1,,,0.1,0.1,27.1,,,,2.5,0.1,32.6,0.2,,,,,,,,0.2
4/3/2020 20:00,,,,,,,,,,,,,,,,,,,No. 3,,,,,,,,,,,,,,,,,,,,,,,,,,,,,,,,,,
4/4/2020 01:00,,,,,,,,,,,,,,,,,,,No. 1,,,,,,,,,,,,,,,,,,,,,,,,,,,,,,,,,,
4/6/2020 20:00,,,,,,,,,,,,,,,,,,,No. 1,,,,,,,,,,,,,,,,,,,,,,,,,,,,,,,,,,
4/8/2020 20:00,,,,,,,,,,,,,,,,,,,No. 1,,,,,,,,,,,,,,,,,,,,,,,,,,,,,,,,,,
4/9/2020 20:00,0.1,0.1,0.1,,,,,,,,,0.1,,0.1,0.1,,,,,,,,6.1,0.1,0.1,,29.3,56.2,0.6,,,,0.1,,,0.1,0.1,26.9,,,,1.2,0.1,35.2,0.2,,,,,,,,0.2
4/10/2020 20:00,,,,,,,,,,,,,,,,,,,No. 2,,,,,,,,,,,,,,,,,,,,,,,,,,,,,,,,,,
4/11/2020 20:00,,,,,,,,,,,,,,,,,,,No. 1,,,,,,,,,,,,,,,,,,,,,,,,,,,,,,,,,,
4/13/2020 20:00,,,,,,,,,,,,,,,,,,,No. 1,,,,,,,,,,,,,,,,,,,,,,,,,,,,,,,,,,
4/15/2020 20:00,,,,,,,,,,,,,,,,,,,No. 2,,,,,,,,,,,,,,,,,,,,,,,,,,,,,,,,,,
4/16/2020 08:00,,,,,,,,,,,,,,,,,,,No. 1,,,,,,,,,,,,,,,,,,,,,,,,,,,,,,,,,,
4/16/2020 20:00,0.1,0.2,0.1,,,,,,,,,0.1,,0.1,0.1,,,,,,,,4,0.1,0.1,,34,64.8,0.9,,,,0.1,,,0.1,0.1,30.8,,,,0.1,0.1,29.5,0.2,,,,,,,,0.2
4/17/2020 20:00,,,,,,,,,,,,,,,,,,,No. 1,,,,,,,,,,,,,,,,,,,,,,,,,,,,,,,,,,
4/20/2020 20:00,,,,,,,,,,,,,,,,,,,No. 1,,,,,,,,,,,,,,,,,,,,,,,,,,,,,,,,,,
4/22/2020 20:00,,,,,,,,,,,,,,,,,,,No. 2,,,,,,,,,,,,,,,,,,,,,,,,,,,,,,,,,,
4/23/2020 10:00,,,,,,,,,,,,,,,,,,,No. 1,,,,,,,,,,,,,,,,,,,,,,,,,,,,,,,,,,
4/23/2020 20:00,0.1,0.2,0.1,,,,,,,,,0.1,,0.1,0.1,,,,,,,,4,0.1,0.1,,37.6,63.7,0.8,,,,0.1,,,0.1,0.1,26.1,,,,0.1,0.1,30.9,0.2,,,,,,,,0.1
4/24/2020 20:00,,,,,,,,,,,,,,,,,,,No. 2,,,,,,,,,,,,,,,,,,,,,,,,,,,,,,,,,,
4/25/2020 16:00,,,,,,,,,,,,,,,,,,,No. 1,,,,,,,,,,,,,,,,,,,,,,,,,,,,,,,,,,
4/27/2020 20:00,,,,,,,,,,,,,,,,,,,No. 1,,,,,,,,,,,,,,,,,,,,,,,,,,,,,,,,,,
4/29/2020 20:00,,,,,,,,,,,,,,,,,,,No. 1,,,,,,,,,,,,,,,,,,,,,,,,,,,,,,,,,,
4/30/2020 20:00,0.1,0.1,0.1,,,,,,,,,0.1,,0.1,0.1,,,,,,,,4.6,0.1,0.1,,35.5,65.3,0.8,,,,0.1,,,0.1,0.1,29.8,,,,0.1,0.1,28.6,0.2,,,,,,,,0.2
5/1/2020 20:00,,,,,,,,,,,,,,,,,,,No. 1,,,,,,,,,,,,,,,,,,,,,,,,,,,,,,,,,,
5/4/2020 20:00,,,,,,,,,,,,,,,,,,,No. 1,,,,,,,,,,,,,,,,,,,,,,,,,,,,,,,,,,
5/6/2020 20:00,,,,,,,,,,,,,,,,,,,No. 1,,,,,,,,,,,,,,,,,,,,,,,,,,,,,,,,,,
5/7/2020 20:00,0.1,0.1,0.1,,,,,,,,,0.1,,0.1,0.1,,,,,,,,6.1,0.1,0.1,,29.4,52.7,0.6,,,,0.1,,,0.1,0.1,23.3,,,,5.3,0.1,34.7,0.2,,,,,,,,0.1
5/8/2020 20:00,,,,,,,,,,,,,,,,,,,No. 1,,,,,,,,,,,,,,,,,,,,,,,,,,,,,,,,,,
5/11/2020 20:00,,,,,,,,,,,,,,,,,,,No. 1,,,,,,,,,,,,,,,,,,,,,,,,,,,,,,,,,,
5/13/2020 20:00,,,,,,,,,,,,,,,,,,,No. 1,,,,,,,,,,,,,,,,,,,,,,,,,,,,,,,,,,
5/14/2020 20:00,0.1,0.1,0.1,,,,,,,,,0.1,,0.1,0.1,,,,,,,,4.2,0.1,0.1,,40.8,64.9,0.9,,,,0.1,,,0.1,0.1,24.1,,,,0.1,0.1,29.6,0.2,,,,,,,,0.1
5/15/2020 20:00,,,,,,,,,,,,,,,,,,,No. 1,,,,,,,,,,,,,,,,,,,,,,,,,,,,,,,,,,
5/18/2020 20:00,,,,,,,,,,,,,,,,,,,No. 2,,,,,,,,,,,,,,,,,,,,,,,,,,,,,,,,,,
5/20/2020 20:00,,,,,,,,,,,,,,,,,,,No. 1,,,,,,,,,,,,,,,,,,,,,,,,,,,,,,,,,,
5/21/2020 20:00,0.1,0.2,0.1,,,,,,,,,0.1,,0.1,0.1,,,,,,,,5.6,0.1,0.1,,29.5,58.3,0.8,,,,0.1,,,0.2,0.1,28.8,,,,2.1,0.1,32.5,0.2,,,,,,,,0.1
5/21/2020 20:00,0.1,0.2,0.1,,,,,,,,,0.1,,0.1,0.1,,,,,,,,5.6,0.1,0.1,,29.5,58.3,0.8,,,,0.1,,,0.2,0.1,28.8,,,,2.1,0.1,32.5,0.2,,,0.5456,,,,,0.1
5/22/2020 20:00,,,,,,,,,,,,,,,,,,,No. 1,,,,,,,,,,,,,,,,,,,,,,,,,,,,,,,,,,
5/25/2020 20:00,,,,,,,,,,,,,,,,,,,No. 1,,,,,,,,,,,,,,,,,,,,,,,,,,,,,,,,,,
5/27/2020 20:00,,,,,,,,,,,,,,,,,,,No. 1,,,,,,,,,,,,,,,,,,,,,,,,,,,,,,,,,,
5/28/2020 20:00,0.1,0.2,0.1,,,,,,,,,0.2,,0.1,0.1,,,,,,,,4.4,0.1,0.1,,32.4,59,0.8,,,,0.1,,,0.1,0.1,26.6,,,,2.5,0.1,32.4,0.2,,,,,,,,0.2
5/29/2020 20:00,,,,,,,,,,,,,,,,,,,No. 1,,,,,,,,,,,,,,,,,,,,,,,,,,,,,,,,,,
6/1/2020 20:00,,,,,,,,,,,,,,,,,,,No. 1,,,,,,,,,,,,,,,,,,,,,,,,,,,,,,,,,,
6/3/2020 20:00,,,,,,,,,,,,,,,,,,,No. 2,,,,,,,,,,,,,,,,,,,,,,,,,,,,,,,,,,
6/4/2020 20:00,0.1,0.1,0.1,,,,,,,,,0.1,,0.1,0.1,,,,,,,,6.1,0.1,0.1,,28.6,52.2,0.7,,,,0.1,,,0.1,0.1,23.6,,,,2.4,0.1,37.9,0.2,,,,,,,,0.2
6/5/2020 20:00,,,,,,,,,,,,,,,,,,,No. 1,,,,,,,,,,,,,,,,,,,,,,,,,,,,,,,,,,
6/8/2020 20:00,,,,,,,,,,,,,,,,,,,No. 1,,,,,,,,,,,,,,,,,,,,,,,,,,,,,,,,,,
6/10/2020 20:00,,,,,,,,,,,,,,,,,,,No. 1,,,,,,,,,,,,,,,,,,,,,,,,,,,,,,,,,,
6/11/2020 20:00,0.1,0.1,0.1,,,,,,,,,0.1,,0.1,0.1,,,,,,,,5.9,0.1,0.1,,26.7,50.6,0.7,,,,0.1,,,0.1,0.1,23.9,,,,4.2,0.1,37.9,0.2,,,,,,,,0.2
6/12/2020 20:00,,,,,,,,,,,,,,,,,,,No. 1,,,,,,,,,,,,,,,,,,,,,,,,,,,,,,,,,,
6/15/2020 20:00,,,,,,,,,,,,,,,,,,,No. 2,,,,,,,,,,,,,,,,,,,,,,,,,,,,,,,,,,
6/17/2020 20:00,,,,,,,,,,,,,,,,,,,No. 2,,,,,,,,,,,,,,,,,,,,,,,,,,,,,,,,,,
6/18/2020 10:00,,,,,,,,,,,,,,,,,,,No. 2,,,,,,,,,,,,,,,,,,,,,,,,,,,,,,,,,,
6/18/2020 20:00,0.1,0.1,0.1,,,,,,,,,0.1,,0.1,0.1,,,,,,,,5.1,0.1,0.1,,30.7,55.4,0.6,,,,0.1,,,0.1,0.1,24.7,,,,1.9,0.1,36.3,0.2,,,,,,,,0.2
6/19/2020 20:00,,,,,,,,,,,,,,,,,,,No. 1,,,,,,,,,,,,,,,,,,,,,,,,,,,,,,,,,,
6/22/2020 20:00,,,,,,,,,,,,,,,,,,,No. 2,,,,,,,,,,,,,,,,,,,,,,,,,,,,,,,,,,
6/24/2020 20:00,,,,,,,,,,,,,,,,,,,No. 1,,,,,,,,,,,,,,,,,,,,,,,,,,,,,,,,,,
6/25/2020 20:00,0.1,0.1,0.1,,,,,,,,,0.1,,0.1,0.1,,,,,,,,6.3,0.1,0.1,,28.7,51.8,0.6,,,,0.1,,,0.1,0.1,23.1,,,,1.5,0.1,39.2,0.2,,,,,,,,0.1
6/26/2020 20:00,,,,,,,,,,,,,,,,,,,No. 1,,,,,,,,,,,,,,,,,,,,,,,,,,,,,,,,,,
6/29/2020 20:00,,,,,,,,,,,,,,,,,,,No. 1,,,,,,,,,,,,,,,,,,,,,,,,,,,,,,,,,,
7/1/2020 20:00,,,,,,,,,,,,,,,,,,,No. 1,,,,,,,,,,,,,,,,,,,,,,,,,,,,,,,,,,
7/2/2020 20:00,0.1,0.1,0.1,,,,,,,,,0.1,,0.1,0.1,,,,,,,,5.1,0.1,0.1,,33.3,63.1,0.8,,,,0.1,,,0.1,0.1,29.8,,,,1.2,0.1,29.1,0.2,,,,,,,,0.2
7/3/2020 20:00,,,,,,,,,,,,,,,,,,,No. 2,,,,,,,,,,,,,,,,,,,,,,,,,,,,,,,,,,
7/6/2020 20:00,,,,,,,,,,,,,,,,,,,No. 1,,,,,,,,,,,,,,,,,,,,,,,,,,,,,,,,,,
7/8/2020 20:00,,,,,,,,,,,,,,,,,,,No. 2,,,,,,,,,,,,,,,,,,,,,,,,,,,,,,,,,,
7/9/2020 20:00,0.1,0.1,0.1,,,,,,,,,0.1,,0.1,0.1,,,,,,,,6.7,0.1,0.1,,33.3,57.3,0.7,,,,0.1,,,0.1,0.1,24,,,,0.7,0.1,34,0.2,,,,,,,,0.2
7/10/2020 20:00,,,,,,,,,,,,,,,,,,,No. 2,,,,,,,,,,,,,,,,,,,,,,,,,,,,,,,,,,
7/11/2020 23:00,,,,,,,,,,,,,,,,,,,No. 1,,,,,,,,,,,,,,,,,,,,,,,,,,,,,,,,,,
7/13/2020 20:00,,,,,,,,,,,,,,,,,,,No. 1,,,,,,,,,,,,,,,,,,,,,,,,,,,,,,,,,,
7/15/2020 20:00,,,,,,,,,,,,,,,,,,,No. 1,,,,,,,,,,,,,,,,,,,,,,,,,,,,,,,,,,
7/16/2020 20:00,0.1,0.1,0.1,,,,,,,,,0.1,,0.1,0.1,,,,,,,,8,0.1,0.1,,28.1,50.4,0.6,,,,0.1,,,0.2,0.1,22.3,,,,3.1,0.1,37.1,0.2,,,,,,,,0.2
7/17/2020 20:00,,,,,,,,,,,,,,,,,,,No. 1,,,,,,,,,,,,,,,,,,,,,,,,,,,,,,,,,,
7/20/2020 20:00,,,,,,,,,,,,,,,,,,,No. 2,,,,,,,,,,,,,,,,,,,,,,,,,,,,,,,,,,
7/22/2020 20:00,,,,,,,,,,,,,,,,,,,No. 1,,,,,,,,,,,,,,,,,,,,,,,,,,,,,,,,,,
7/23/2020 20:00,0.1,0.1,0.1,,,,,,,,,0.1,,0.1,0.1,,,,,,,,6.8,0.1,0.1,,33.2,58.8,0.8,,,,0.1,,,0.1,0.1,25.6,,,,0.1,0.1,33.1,0.2,,,,,,,,0.1
7/24/2020 20:00,,,,,,,,,,,,,,,,,,,No. 1,,,,,,,,,,,,,,,,,,,,,,,,,,,,,,,,,,
7/27/2020 20:00,,,,,,,,,,,,,,,,,,,No. 2,,,,,,,,,,,,,,,,,,,,,,,,,,,,,,,,,,
7/29/2020 20:30,,,,,,,,,,,,,,,,,,,No. 2,,,,,,,,,,,,,,,,,,,,,,,,,,,,,,,,,,
7/30/2020 20:00,0.1,0.1,0.1,,,,,,,,,0.1,,0.1,0.1,,,,,,,,7,0.1,0.1,,30.1,55.3,0.7,,,,0.1,,,0.1,0.1,25.2,,,,0.5,0.1,35.9,0.2,,,,,,,,0.2
7/31/2020 20:00,,,,,,,,,,,,,,,,,,,No. 1,,,,,,,,,,,,,,,,,,,,,,,,,,,,,,,,,,
8/3/2020 20:00,,,,,,,,,,,,,,,,,,,No. 2,,,,,,,,,,,,,,,,,,,,,,,,,,,,,,,,,,
8/5/2020 20:00,,,,,,,,,,,,,,,,,,,No. 1,,,,,,,,,,,,,,,,,,,,,,,,,,,,,,,,,,
8/6/2020 20:00,0.1,0.1,0.1,,,,,,,,,0.1,,0.1,0.1,,,,,,,,4.8,0.1,0.1,,27,50,0.6,,,,0.1,,,0.1,0.1,23,,,,6.3,0.1,38,0.2,,,,,,,,0.1
8/7/2020 07:00,,,,,,,,,,,,,0.6,,,,,,,,,,,,,,,,,,,,,,,,,,,,,,,,,,,,,,,0.6,
8/7/2020 07:00,,,,,,,,,,,,,,,,,,,,,,,,,,,,,,,,,,,,,,,,,,,,,,,,,,,,0.6,
8/7/2020 20:00,,,,,,,,,,,,,,,,,,,No. 1,,,,,,,,,,,,,,,,,,,,,,,,,,,,,,,,,,
8/10/2020 07:00,,,,,,,,,,,,,0.5,,,,,,,,,,,,,,,,,,,,,,,,,,,,,,,,,,,,,,,0.5,
8/10/2020 07:00,,,,,,,,,,,,,,,,,,,,,,,,,,,,,,,,,,,,,,,,,,,,,,,,,,,,0.5,
8/10/2020 20:00,,,,,,,,,,,,,,,,,,,No. 1,,,,,,,,,,,,,,,,,,,,,,,,,,,,,,,,,,
8/12/2020 20:00,,,,,,,,,,,,,,,,,,,No. 1,,,,,,,,,,,,,,,,,,,,,,,,,,,,,,,,,,
8/13/2020 20:00,0.1,0.1,0.1,,,,,,,,,0.1,,0.1,0.1,,,,,,,,7.5,0.1,0.1,,29.4,52,0.6,,,,0.1,,,0.2,0.1,22.6,,,,0.1,0.1,39.4,0.2,,,,,,,,0.1
8/14/2020 20:00,,,,,,,,,,,,,,,,,,,No. 2,,,,,,,,,,,,,,,,,,,,,,,,,,,,,,,,,,
8/17/2020 20:00,,,,,,,,,,,,,,,,,,,No. 1,,,,,,,,,,,,,,,,,,,,,,,,,,,,,,,,,,
8/19/2020 20:00,,,,,,,,,,,,,,,,,,,No. 2,,,,,,,,,,,,,,,,,,,,,,,,,,,,,,,,,,
8/20/2020 20:00,0.1,0.1,0.1,,,,,,,,,0.2,,0.1,0.1,,,,,,,,7.4,0.1,0.1,,28.3,52.8,0.8,,,,0.1,,,0.2,0.1,24.5,,,,2.9,0.1,35.1,0.3,,,,,,,,0.2
8/21/2020 20:00,,,,,,,,,,,,,,,,,,,No. 1,,,,,,,,,,,,,,,,,,,,,,,,,,,,,,,,,,
8/24/2020 20:00,,,,,,,,,,,,,,,,,,,No. 1,,,,,,,,,,,,,,,,,,,,,,,,,,,,,,,,,,
8/26/2020 20:00,,,,,,,,,,,,,,,,,,,No. 1,,,,,,,,,,,,,,,,,,,,,,,,,,,,,,,,,,
8/27/2020 20:00,0.1,0.1,0.1,,,,,,,,,0.1,,0.1,0.1,,,,,0.5372,,,8.5,0.1,0.1,,25.2,45.6,0.5,,,,0.1,,,0.2,0.1,20.4,,,,4.9,0.1,39.9,0.2,,,0.5371,,,,,0.1
8/28/2020 20:00,,,,,,,,,,,,,,,,,,,No. 2,,,,,,,,,,,,,,,,,,,,,,,,,,,,,,,,,,
8/31/2020 20:00,,,,,,,,,,,,,,,,,,,No. 1,,,,,,,,,,,,,,,,,,,,,,,,,,,,,,,,,,
9/2/2020 20:00,,,,,,,,,,,,,,,,,,,No. 1,,,,,,,,,,,,,,,,,,,,,,,,,,,,,,,,,,
9/3/2020 20:30,0.1,0.1,0.1,,,,,,,,,0.1,,0.1,0.1,,,,,0.5402,,,7.3,0.1,0.1,,31.1,56.2,0.6,,,,0.1,,,0.2,0.1,25.1,,,,0.9,0.1,34.3,0.2,,,0.5401,,,,,0.1
9/4/2020 20:00,,,,,,,,,,,,,,,,,,,No. 1,,,,,,,,,,,,,,,,,,,,,,,,,,,,,,,,,,
9/7/2020 20:00,,,,,,,,,,,,,,,,,,,No. 2,,,,,,,,,,,,,,,,,,,,,,,,,,,,,,,,,,
9/9/2020 20:00,,,,,,,,,,,,,,,,,,,No. 1,,,,,,,,,,,,,,,,,,,,,,,,,,,,,,,,,,
9/10/2020 20:00,0.1,0.1,0.1,,,,,,,,,0.1,,0.1,0.1,,,,,0.5453,,,6.1,0.1,0.1,,31.7,58.7,0.7,,,,0.1,,,0.1,0.1,27,,,,2.3,0.1,31.5,0.2,,,0.5452,,,,,0.2
9/11/2020 20:00,,,,,,,,,,,,,,,,,,,No. 1,,,,,,,,,,,,,,,,,,,,,,,,,,,,,,,,,,
9/14/2020 20:00,,,,,,,,,,,,,,,,,,,No. 2,,,,,,,,,,,,,,,,,,,,,,,,,,,,,,,,,,
9/16/2020 20:00,,,,,,,,,,,,,,,,,,,No. 1,,,,,,,,,,,,,,,,,,,,,,,,,,,,,,,,,,
9/17/2020 20:00,0.1,0.2,0.1,,,,,,,,,0.1,,0.1,0.1,,,,,0.5428,,,6.1,0.1,0.1,,30.7,56.8,0.7,,,,0.1,,,0.1,0.1,26.1,,,,1.2,0.1,34.4,0.2,,,0.5427,,,,,0.2
9/18/2020 20:00,,,,,,,,,,,,,,,,,,,No. 2,,,,,,,,,,,,,,,,,,,,,,,,,,,,,,,,,,
9/21/2020 20:00,,,,,,,,,,,,,,,,,,,No. 2,,,,,,,,,,,,,,,,,,,,,,,,,,,,,,,,,,
9/23/2020 20:00,,,,,,,,,,,,,,,,,,,No. 1,,,,,,,,,,,,,,,,,,,,,,,,,,,,,,,,,,
9/24/2020 20:00,0.1,0.1,0.1,,,,,,,,,0.1,,0.1,0.1,,,,,0.5353,,,8.7,0.1,0.1,,24,45.1,0.5,,,,0.1,,,0.2,0.1,21.1,,,,3.7,0.1,41.3,0.2,,,0.5352,,,,,0.1
9/25/2020 20:00,,,,,,,,,,,,,,,,,,,No. 1,,,,,,,,,,,,,,,,,,,,,,,,,,,,,,,,,,
9/28/2020 20:00,,,,,,,,,,,,,,,,,,,No. 1,,,,,,,,,,,,,,,,,,,,,,,,,,,,,,,,,,
9/30/2020 20:00,,,,,,,,,,,,,,,,,,,No. 2,,,,,,,,,,,,,,,,,,,,,,,,,,,,,,,,,,
10/1/2020 20:00,0.1,0.1,0.1,,,,,,,,,0.1,,0.1,0.1,,,,,0.539,,,6.5,0.1,0.1,,30.8,55,0.6,,,,0.1,,,0.1,0.1,24.2,,,,0.1,0.1,37.4,0.2,,,0.5389,,,,,0.1
10/2/2020 20:00,,,,,,,,,,,,,,,,,,,No. 2,,,,,,,,,,,,,,,,,,,,,,,,,,,,,,,,,,
10/5/2020 20:00,,,,,,,,,,,,,,,,,,,No. 1,,,,,,,,,,,,,,,,,,,,,,,,,,,,,,,,,,
10/7/2020 20:00,,,,,,,,,,,,,,,,,,,No. 2,,,,,,,,,,,,,,,,,,,,,,,,,,,,,,,,,,
10/8/2020 20:00,0.1,0.1,0.1,,,,,,,,,0.1,,0.1,0.1,,,,,0.5455,,,4.8,0.1,0.1,,27.7,52.5,0.6,,,,0.1,,,0.1,0.1,24.8,,,,4.3,0.1,37.1,0.2,,,0.5454,,,,,0.2
10/9/2020 20:00,,,,,,,,,,,,,,,,,,,No. 1,,,,,,,,,,,,,,,,,,,,,,,,,,,,,,,,,,
10/12/2020 20:30,,,,,,,,,,,,,,,,,,,No. 2,,,,,,,,,,,,,,,,,,,,,,,,,,,,,,,,,,
10/14/2020 20:00,,,,,,,,,,,,,,,,,,,No. 2,,,,,,,,,,,,,,,,,,,,,,,,,,,,,,,,,,
10/15/2020 20:00,0.1,0.1,0.1,,,,,,,,,0.1,,0.1,0.1,,,,,0.5362,,,8.4,0.1,0.1,,28.6,51.3,0.5,,,,0.1,,,0.2,0.1,22.7,,,,1.4,0.1,37.8,0.2,,,0.5361,,,,,0.1
10/16/2020 20:00,,,,,,,,,,,,,,,,,,,No. 1,,,,,,,,,,,,,,,,,,,,,,,,,,,,,,,,,,
10/19/2020 20:00,,,,,,,,,,,,,,,,,,,No. 2,,,,,,,,,,,,,,,,,,,,,,,,,,,,,,,,,,
10/21/2020 20:00,,,,,,,,,,,,,,,,,,,No. 1,,,,,,,,,,,,,,,,,,,,,,,,,,,,,,,,,,
10/22/2020 20:00,0.1,0.1,0.1,,,,,,,,,0.1,,0.1,0.1,,,,,0.5379,,,7.7,0.1,0.1,,27.9,51.2,0.6,,,,0.1,,,0.2,0.1,23.3,,,,1.8,0.1,37.9,0.2,,,0.5378,,,,,0.2
10/23/2020 20:00,,,,,,,,,,,,,,,,,,,No. 2,,,,,,,,,,,,,,,,,,,,,,,,,,,,,,,,,,
10/26/2020 20:00,,,,,,,,,,,,,,,,,,,No. 2,,,,,,,,,,,,,,,,,,,,,,,,,,,,,,,,,,
10/28/2020 20:00,,,,,,,,,,,,,,,,,,,No. 2,,,,,,,,,,,,,,,,,,,,,,,,,,,,,,,,,,
10/29/2020 20:00,0.1,0.1,0.1,,,,,,,,,0.1,,0.1,0.1,,,,,0.5351,,,8.8,0.1,0.1,,28.1,50.3,0.6,,,,0.1,,,0.2,0.1,22.2,,,,1.3,0.1,38.4,0.2,,,0.535,,,,,0.1
10/30/2020 20:00,,,,,,,,,,,,,,,,,,,No. 2,,,,,,,,,,,,,,,,,,,,,,,,,,,,,,,,,,
11/2/2020 20:00,,,,,,,,,,,,,,,,,,,No. 1,,,,,,,,,,,,,,,,,,,,,,,,,,,,,,,,,,
11/4/2020 20:00,,,,,,,,,,,,,,,,,,,No. 1,,,,,,,,,,,,,,,,,,,,,,,,,,,,,,,,,,
11/5/2020 20:00,0.1,0.1,0.1,,,,,,,,,0.1,,0.1,0.1,,,,,0.5383,,,7.7,0.1,0.1,,30.5,53.8,0.6,,,,0.1,,,0.2,0.1,23.3,,,,1,0.1,36.1,0.2,,,0.5382,,,,,0.2
11/6/2020 20:00,,,,,,,,,,,,,,,,,,,No. 2,,,,,,,,,,,,,,,,,,,,,,,,,,,,,,,,,,
11/9/2020 20:30,,,,,,,,,,,,,,,,,,,No. 1,,,,,,,,,,,,,,,,,,,,,,,,,,,,,,,,,,
11/11/2020 20:00,,,,,,,,,,,,,,,,,,,No. 1,,,,,,,,,,,,,,,,,,,,,,,,,,,,,,,,,,
11/12/2020 20:00,0.1,0.1,0.1,,,,,,,,,0.1,,0.1,0.1,,,,,0.5421,,,7,0.1,0.1,,29.1,52.7,0.6,,,,0.1,,,0.2,0.1,23.6,,,,3.7,0.1,35.2,0.2,,,0.542,,,,,0.2
11/13/2020 20:00,,,,,,,,,,,,,,,,,,,No. 2,,,,,,,,,,,,,,,,,,,,,,,,,,,,,,,,,,
11/16/2020 20:00,,,,,,,,,,,,,,,,,,,No. 1,,,,,,,,,,,,,,,,,,,,,,,,,,,,,,,,,,
11/18/2020 20:00,,,,,,,,,,,,,,,,,,,No. 2,,,,,,,,,,,,,,,,,,,,,,,,,,,,,,,,,,
11/19/2020 20:00,0.1,0.1,0.1,,,,,,,,,0.1,,0.1,0.1,,,,,0.5398,,,6.2,0.1,0.1,,29.5,52.2,0.6,,,,0.1,,,0.1,0.1,22.7,,,,1.5,0.1,38.9,0.2,,,0.5397,,,,,0.2
11/20/2020 20:00,,,,,,,,,,,,,,,,,,,No. 2,,,,,,,,,,,,,,,,,,,,,,,,,,,,,,,,,,
11/23/2020 20:00,,,,,,,,,,,,,,,,,,,No. 1,,,,,,,,,,,,,,,,,,,,,,,,,,,,,,,,,,
11/25/2020 20:00,,,,,,,,,,,,,,,,,,,No. 2,,,,,,,,,,,,,,,,,,,,,,,,,,,,,,,,,,
11/26/2020 20:30,0.1,0.1,0.1,,,,,,,,,0.1,,0.1,0.1,,,,,0.5452,,,5.5,0.1,0.1,,30.9,56.3,0.6,,,,0.1,,,0.2,0.1,25.4,,,,3.1,0.1,33.7,0.2,,,0.5451,,,,,0.2
11/27/2020 20:30,,,,,,,,,,,,,,,,,,,No. 1,,,,,,,,,,,,,,,,,,,,,,,,,,,,,,,,,,
11/30/2020 20:00,,,,,,,,,,,,,,,,,,,No. 3,,,,,,,,,,,,,,,,,,,,,,,,,,,,,,,,,,
12/2/2020 07:00,,,,,,,,,,,,,,,,,,,No. 2,,,,,,,,,,,,,,,,,,,,,,,,,,,,,,,,,,
12/3/2020 07:00,0.1,0.1,0.1,,,,,,,,,0.1,,0.1,0.1,,,,,0.5401,,,7.6,0.1,0.1,,29.7,52.8,0.6,,,,0.1,,,0.2,0.1,23.1,,,,2.7,0.1,35.5,0.2,,,0.54,,,,,0.2
12/4/2020 07:00,,,,,,,,,,,,,,,,,,,No. 1,,,,,,,,,,,,,,,,,,,,,,,,,,,,,,,,,,
12/7/2020 07:00,,,,,,,,,,,,,,,,,,,No. 2,,,,,,,,,,,,,,,,,,,,,,,,,,,,,,,,,,
12/9/2020 07:00,,,,,,,,,,,,,,,,,,,No. 2,,,,,,,,,,,,,,,,,,,,,,,,,,,,,,,,,,
12/10/2020 07:00,0.1,0.1,0.1,,,,,,,,,0.1,,0.1,0.1,,,,,0.5353,,,8.7,0.1,0.1,,24.4,45.5,0.5,,,,0.1,,,0.3,0.1,21.1,,,,3.7,0.1,40.9,0.2,,,0.5352,,,,,0.1
12/11/2020 07:00,,,,,,,,,,,,,,,,,,,No. 1,,,,,,,,,,,,,,,,,,,,,,,,,,,,,,,,,,
12/14/2020 07:00,,,,,,,,,,,,,,,,,,,No. 1,,,,,,,,,,,,,,,,,,,,,,,,,,,,,,,,,,
12/16/2020 07:00,,,,,,,,,,,,,,,,,,,No. 2,,,,,,,,,,,,,,,,,,,,,,,,,,,,,,,,,,
12/17/2020 07:00,0.1,0.1,0.1,,,,,,,,,0.1,,0.1,0.1,,,,,0.5329,,,10,0.1,0.1,,27.7,50.5,0.6,,,,0.1,,,0.3,0.1,22.8,,,,0.6,0.1,37.5,0.3,,,0.5328,,,,,0.1
12/18/2020 07:00,,,,,,,,,,,,,,,,,,,No. 1,,,,,,,,,,,,,,,,,,,,,,,,,,,,,,,,,,
12/21/2020 07:00,,,,,,,,,,,,,,,,,,,No. 1,,,,,,,,,,,,,,,,,,,,,,,,,,,,,,,,,,
12/23/2020 07:00,,,,,,,,,,,,,,,,,,,No. 2,,,,,,,,,,,,,,,,,,,,,,,,,,,,,,,,,,
12/24/2020 06:30,0.1,0.1,0.1,,,,,,,,,0.1,,0.1,0.1,,,,,0.5382,,,7,0.1,0.1,,28.5,52.1,0.7,,,,0.1,,,0.2,0.1,23.6,,,,1.1,0.1,38.5,0.2,,,0.5381,,,,,0.1
12/25/2020 07:00,,,,,,,,,,,,,,,,,,,No. 1,,,,,,,,,,,,,,,,,,,,,,,,,,,,,,,,,,
12/28/2020 07:00,,,,,,,,,,,,,,,,,,,No. 1,,,,,,,,,,,,,,,,,,,,,,,,,,,,,,,,,,
12/30/2020 07:00,,,,,,,,,,,,,,,,,,,No. 2,,,,,,,,,,,,,,,,,,,,,,,,,,,,,,,,,,
12/31/2020 06:30,0.1,0.1,0.1,,,,,,,,,0.1,,0.1,0.1,,,,,0.5375,,,9.5,0.1,0.1,,26.1,46,0.5,,,,0.1,,,0.3,0.1,19.9,,,,5.9,0.1,37.4,0.2,,,0.5374,,,,,0.1
1/1/2021 06:30,,,,,,,,,,,,,,,,,,,No. 2,,,,,,,,,,,,,,,,,,,,,,,,,,,,,,,,,,
1/4/2021 07:00,,,,,,,,,,,,,,,,,,,No. 1,,,,,,,,,,,,,,,,,,,,,,,,,,,,,,,,,,
1/6/2021 07:00,,,,,,,,,,,,,,,,,,,No. 1,,,,,,,,,,,,,,,,,,,,,,,,,,,,,,,,,,
1/7/2021 07:00,0.1,0.1,0.1,,,,,,,,,0.1,,0.1,0.1,,,,,0.5451,,,5.7,0.1,0.1,,28.5,55.4,0.7,,,,0.1,,,0.1,0.1,26.9,,,,3.1,0.1,34.4,0.2,,,0.545,,,,,0.2
1/8/2021 07:00,,,,,,,,,,,,,,,,,,,No. 1,,,,,,,,,,,,,,,,,,,,,,,,,,,,,,,,,,
1/11/2021 07:00,,,,,,,,,,,,,,,,,,,No. 1,,,,,,,,,,,,,,,,,,,,,,,,,,,,,,,,,,
1/13/2021 07:00,,,,,,,,,,,,,,,,,,,No. 1,,,,,,,,,,,,,,,,,,,,,,,,,,,,,,,,,,
1/14/2021 07:00,0.1,0.1,0.1,,,,,,,,,0.1,,0.1,0.1,,,,,0.5331,,,10.9,0.1,0.1,,25.8,46.2,0.6,,,,0.1,,,0.3,0.1,20.4,,,,3.6,0.1,37.9,0.3,,,0.533,,,,,0.1
1/15/2021 07:00,,,,,,,,,,,,,,,,,,,No. 1,,,,,,,,,,,,,,,,,,,,,,,,,,,,,,,,,,
1/18/2021 07:00,,,,,,,,,,,,,,,,,,,No. 1,,,,,,,,,,,,,,,,,,,,,,,,,,,,,,,,,,
1/20/2021 07:00,,,,,,,,,,,,,,,,,,,No. 1,,,,,,,,,,,,,,,,,,,,,,,,,,,,,,,,,,
1/21/2021 07:00,0.1,0.1,0.1,,,,,,,,,0.1,,0.1,0.1,,,,,0.5323,,,9.9,0.1,0.1,,28.5,49.5,0.6,,,,0.1,,,0.3,0.1,21,,,,0.6,0.1,38.4,0.3,,,0.5322,,,,,0.2
1/22/2021 06:00,,,,,,,,,,,,,,,,,,,No. 1,,,,,,,,,,,,,,,,,,,,,,,,,,,,,,,,,,
1/25/2021 07:00,,,,,,,,,,,,,,,,,,,No. 1,,,,,,,,,,,,,,,,,,,,,,,,,,,,,,,,,,
1/27/2021 07:00,,,,,,,,,,,,,,,,,,,No. 1,,,,,,,,,,,,,,,,,,,,,,,,,,,,,,,,,,
1/28/2021 06:00,0.1,0.1,0.1,,,,,,,,,0.1,,0.1,0.1,,,,,0.5418,,,5.7,0.1,0.1,,30,56.3,0.6,,,,0.1,,,1,0.1,26.3,,,,1.2,0.1,34.6,0.2,,,0.5417,,,,,0.2
1/29/2021 07:00,,,,,,,,,,,,,,,,,,,No. 1,,,,,,,,,,,,,,,,,,,,,,,,,,,,,,,,,,
2/1/2021 07:00,,,,,,,,,,,,,,,,,,,No. 1,,,,,,,,,,,,,,,,,,,,,,,,,,,,,,,,,,
2/3/2021 07:00,,,,,,,,,,,,,,,,,,,No. 1,,,,,,,,,,,,,,,,,,,,,,,,,,,,,,,,,,
2/4/2021 07:00,0.1,0.2,0.1,,,,,,,,,0.1,,0.1,0.1,,,,,0.5448,,,5.1,0.1,0.1,,30.1,54.8,0.6,,,,0.1,,,0.1,0.1,24.7,,,,3,0.1,35.7,0.2,,,0.5447,,,,,0.2
2/5/2021 07:00,,,,,,,,,,,,,,,,,,,No. 1,,,,,,,,,,,,,,,,,,,,,,,,,,,,,,,,,,
2/8/2021 07:00,,,,,,,,,,,,,,,,,,,No. 2,,,,,,,,,,,,,,,,,,,,,,,,,,,,,,,,,,
2/10/2021 07:00,,,,,,,,,,,,,,,,,,,No. 1,,,,,,,,,,,,,,,,,,,,,,,,,,,,,,,,,,
2/11/2021 07:00,0.1,0.1,0.1,,,,,,,,,0.1,,0.1,0.1,,,,,0.5421,,,6.2,0.1,0.1,,30,55.3,0.6,,,,0.1,,,0.2,0.1,25.3,,,,1.7,0.1,35.4,0.2,,,0.542,,,,,0.2
2/12/2021 07:00,,,,,,,,,,,,,,,,,,,No. 2,,,,,,,,,,,,,,,,,,,,,,,,,,,,,,,,,,
2/15/2021 07:00,,,,,,,,,,,,,,,,,,,No. 2,,,,,,,,,,,,,,,,,,,,,,,,,,,,,,,,,,
2/17/2021 07:00,,,,,,,,,,,,,,,,,,,No. 4,,,,,,,,,,,,,,,,,,,,,,,,,,,,,,,,,,
2/18/2021 07:00,0.1,0.1,0.1,,,,,,,,,0.1,,0.1,0.1,,,,,0.5359,,,7.9,0.1,0.1,,27,49.2,0.5,,,,0.1,,,0.2,0.1,22.2,,,,1.5,0.1,39.9,0.4,,,0.5358,,,,,0.2
2/19/2021 07:00,,,,,,,,,,,,,,,,,,,No. 2,,,,,,,,,,,,,,,,,,,,,,,,,,,,,,,,,,
2/22/2021 07:00,,,,,,,,,,,,,,,,,,,No. 2,,,,,,,,,,,,,,,,,,,,,,,,,,,,,,,,,,
2/24/2021 07:00,,,,,,,,,,,,,,,,,,,No. 1,,,,,,,,,,,,,,,,,,,,,,,,,,,,,,,,,,
2/25/2021 07:00,0.1,0.2,0.1,,,,,,,,,0.1,,0.1,0.1,,,,,0.5445,,,5.9,0.1,0.1,,26.6,50.5,0.6,,,,0.1,,,0.1,0.1,23.9,,,,5.3,0.1,36.8,0.3,,,0.5444,,,,,0.2
2/26/2021 07:00,,,,,,,,,,,,,,,,,,,No. 1,,,,,,,,,,,,,,,,,,,,,,,,,,,,,,,,,,
3/1/2021 07:00,,,,,,,,,,,,,,,,,,,No. 2,,,,,,,,,,,,,,,,,,,,,,,,,,,,,,,,,,
3/3/2021 07:00,,,,,,,,,,,,,,,,,,,No. 2,,,,,,,,,,,,,,,,,,,,,,,,,,,,,,,,,,
3/4/2021 07:00,0.1,0.2,0.1,,,,41.8,,0.1,,,0.1,,0.1,0.1,,,,,0.5428,,,6.6,0.1,0.1,,29.2,53.5,0.7,,,2.9,0.1,,,0.1,0.1,24.3,,0.2,0.1,3.2,0.1,35.1,0.3,,,0.5427,,,,,0.2
3/5/2021 07:00,,,,,,,,,,,,,,,,,,,No. 2,,,,,,,,,,,,,,,,,,,,,,,,,,,,,,,,,,
3/8/2021 07:00,,,,,,,,,,,,,,,,,,,No. 2,,,,,,,,,,,,,,,,,,,,,,,,,,,,,,,,,,
3/11/2021 07:00,0.1,0.2,0.1,,,,45.5,,0.1,,,0.1,,0.1,0.1,,,,,0.5365,,,8.9,0.1,0.1,,28,51.6,0.7,,,1.3,0.1,,,0.2,0.1,23.6,,0.1,0.1,1.4,0.1,36.4,0.3,,,0.5364,,,,,0.2
3/12/2021 07:00,,,,,,,,,,,,,,,,,,,No. 2,,,,,,,,,,,,,,,,,,,,,,,,,,,,,,,,,,
3/15/2021 07:00,,,,,,,,,,,,,,,,,,,No. 3,,,,,,,,,,,,,,,,,,,,,,,,,,,,,,,,,,
3/17/2021 07:00,,,,,,,,,,,,,,,,,,,No. 1,,,,,,,,,,,,,,,,,,,,,,,,,,,,,,,,,,
3/18/2021 07:00,0.1,0.1,0.1,,,,46,,0.1,,,0.1,,0.1,0.1,,,,,0.5396,,,6.6,0.1,0.1,,27.6,50.2,0.6,,,2.3,0.1,,,0.1,0.1,22.6,,0.2,0.1,2.6,0.1,39.3,0.2,,,0.5395,,,,,0.2
3/19/2021 07:00,,,,,,,,,,,,,,,,,,,No. 1,,,,,,,,,,,,,,,,,,,,,,,,,,,,,,,,,,
3/22/2021 07:00,,,,,,,,,,,,,,,,,,,No. 1,,,,,,,,,,,,,,,,,,,,,,,,,,,,,,,,,,
3/24/2021 07:00,,,,,,,,,,,,,,,,,,,No. 3,,,,,,,,,,,,,,,,,,,,,,,,,,,,,,,,,,
3/25/2021 07:00,0.1,0.1,0.1,,,,45.2,,0.1,,,0.1,,0.1,0.1,,,,,0.5404,,,6.6,0.1,0.1,,27,49.9,0.5,,,2.9,0.1,,,0.2,0.4,22.9,,0.3,0.1,3.3,0.1,38.4,0.2,,,0.5403,,,,,0.2
3/26/2021 07:00,,,,,,,,,,,,,,,,,,,No. 1,,,,,,,,,,,,,,,,,,,,,,,,,,,,,,,,,,
3/29/2021 07:00,,,,,,,,,,,,,,,,,,,No. 1,,,,,,,,,,,,,,,,,,,,,,,,,,,,,,,,,,
3/31/2021 07:00,,,,,,,,,,,,,,,,,,,No. 1,,,,,,,,,,,,,,,,,,,,,,,,,,,,,,,,,,
4/1/2021 07:00,0.1,0.2,0.1,,,,36,,0.1,,,0.2,,0.1,0.1,,,,,0.5484,,,4.7,0.1,0.1,,29.6,60.3,0.9,,,1.5,0.1,,,0.1,0.1,30.7,,0.2,0.1,1.8,0.1,31.2,0.2,,,0.5483,,,,,0.3
4/2/2021 07:00,,,,,,,,,,,,,,,,,,,No. 1,,,,,,,,,,,,,,,,,,,,,,,,,,,,,,,,,,
4/5/2021 07:00,,,,,,,,,,,,,,,,,,,No. 1,,,,,,,,,,,,,,,,,,,,,,,,,,,,,,,,,,
4/7/2021 07:00,,,,,,,,,,,,,,,,,,,No. 1,,,,,,,,,,,,,,,,,,,,,,,,,,,,,,,,,,
4/8/2021 07:00,0.1,0.2,0.1,,,,39.4,,0.1,,,0.1,,0.1,0.1,,,,,0.544,,,5,0.1,0.1,,34.1,57.8,0.8,,,1,0.1,,,0.1,0.1,23.7,,0.1,0.1,1.1,0.1,34.3,0.4,,,0.5439,,,,,0.2
4/9/2021 07:00,,,,,,,,,,,,,,,,,,,No. 1,,,,,,,,,,,,,,,,,,,,,,,,,,,,,,,,,,
4/12/2021 07:00,,,,,,,,,,,,,,,,,,,No. 2,,,,,,,,,,,,,,,,,,,,,,,,,,,,,,,,,,
4/14/2021 07:00,,,,,,,,,,,,,,,,,,,No. 1,,,,,,,,,,,,,,,,,,,,,,,,,,,,,,,,,,
4/15/2021 07:00,0.1,0.1,0.1,,,,42.7,,0.1,,,0.1,,0.1,0.1,,,,,0.5407,,,6.2,0.1,0.1,,31.5,55.1,0.6,,,0.8,0.1,,,0.1,0.1,23.6,,0.1,0.1,0.9,0.1,36.4,0.2,,,0.5406,,,,,0.2
4/16/2021 07:00,,,,,,,,,,,,,,,,,,,No. 2,,,,,,,,,,,,,,,,,,,,,,,,,,,,,,,,,,
4/19/2021 07:00,,,,,,,,,,,,,,,,,,,No. 1,,,,,,,,,,,,,,,,,,,,,,,,,,,,,,,,,,
4/21/2021 07:00,,,,,,,,,,,,,,,,,,,No. 2,,,,,,,,,,,,,,,,,,,,,,,,,,,,,,,,,,
4/22/2021 07:00,0.1,0.2,0.1,,,,31.7,,0.1,,,0.2,,0.1,0.1,,,,,0.5546,,,1.8,0.1,0.1,,34,63.4,0.8,,,2.9,0.1,,,0.1,0.1,29.4,,0.3,0.1,3.3,0.1,29.9,0.2,,,0.5545,,,,,0.2
4/23/2021 07:00,,,,,,,,,,,,,,,,,,,No. 2,,,,,,,,,,,,,,,,,,,,,,,,,,,,,,,,,,
4/26/2021 07:00,,,,,,,,,,,,,,,,,,,No. 1,,,,,,,,,,,,,,,,,,,,,,,,,,,,,,,,,,
4/28/2021 07:00,,,,,,,,,,,,,,,,,,,No. 2,,,,,,,,,,,,,,,,,,,,,,,,,,,,,,,,,,
4/29/2021 07:00,0.1,0.1,0.1,,,,44.3,,0.1,,,0.1,,0.1,0.1,,,,,0.5385,,,7.1,0.1,0.1,,30.3,53.8,0.6,,,0.6,0.1,,,0.2,0.1,23.5,,0.1,0.1,0.6,0.1,37,0.2,,,0.5384,,,,,0.2
4/30/2021 07:00,,,,,,,,,,,,,,,,,,,No. 2,,,,,,,,,,,,,,,,,,,,,,,,,,,,,,,,,,
5/3/2021 07:00,,,,,,,,,,,,,,,,,,,No. 3,,,,,,,,,,,,,,,,,,,,,,,,,,,,,,,,,,
5/5/2021 07:00,,,,,,,,,,,,,,,,,,,No. 1,,,,,,,,,,,,,,,,,,,,,,,,,,,,,,,,,,
5/6/2021 07:00,0.1,0.1,0.1,,,,44.6,,0.1,,,0.1,,0.1,0.1,,,,,0.5401,,,5.7,0.1,0.1,,30,53.4,0.6,,,0.7,0.1,,,0.1,0.1,23.4,,0.1,0.1,0.8,0.1,38.8,0.2,,,0.54,,,,,0.2
5/7/2021 07:00,,,,,,,,,,,,,,,,,,,No. 1,,,,,,,,,,,,,,,,,,,,,,,,,,,,,,,,,,
5/10/2021 07:00,,,,,,,,,,,,,,,,,,,No. 2,,,,,,,,,,,,,,,,,,,,,,,,,,,,,,,,,,
5/12/2021 07:00,,,,,,,,,,,,,,,,,,,No. 1,,,,,,,,,,,,,,,,,,,,,,,,,,,,,,,,,,
5/13/2021 07:00,0.1,0.1,0.1,,,,44.7,,0.1,,,0.1,,0.1,0.1,,,,,0.5406,,,7,0.1,0.1,,28.5,49.9,0.6,,,3.9,0.1,,,0.2,0.1,21.4,,0.1,0.1,4.1,0.1,37.5,0.2,,,0.5405,,,,,0.2
5/14/2021 07:00,,,,,,,,,,,,,,,,,,,No. 3,,,,,,,,,,,,,,,,,,,,,,,,,,,,,,,,,,
5/17/2021 07:00,,,,,,,,,,,,,,,,,,,No. 2,,,,,,,,,,,,,,,,,,,,,,,,,,,,,,,,,,
5/19/2021 07:00,,,,,,,,,,,,,,,,,,,No. 2,,,,,,,,,,,,,,,,,,,,,,,,,,,,,,,,,,
5/20/2021 07:00,0.1,0.2,0.1,,,,44.7,,0.1,,,0.1,,0.1,0.1,,,,,0.5385,,,7.6,0.1,0.1,,29.2,52.5,0.7,,,1.4,0.1,,,0.1,0.1,23.3,,0.1,0.1,1.4,0.1,37,0.2,,,0.5384,,,,,0.2
5/21/2021 07:00,,,,,,,,,,,,,,,,,,,No. 1,,,,,,,,,,,,,,,,,,,,,,,,,,,,,,,,,,
5/24/2021 07:00,,,,,,,,,,,,,,,,,,,No. 1,,,,,,,,,,,,,,,,,,,,,,,,,,,,,,,,,,
5/26/2021 07:00,,,,,,,,,,,,,,,,,,,No. 2,,,,,,,,,,,,,,,,,,,,,,,,,,,,,,,,,,
5/27/2021 07:00,0.1,0.1,0.1,,,,43.9,,0.1,,,0.1,,0.1,0.1,,,,,0.5397,,,7.4,0.1,0.1,,29.1,52.4,0.6,,,2.1,0.1,,,0.2,0.1,23.3,,0.2,0.1,2.4,0.1,36.3,0.2,,,0.5396,,,,,0.2
5/28/2021 07:00,,,,,,,,,,,,,,,,,,,No. 1,,,,,,,,,,,,,,,,,,,,,,,,,,,,,,,,,,
5/31/2021 07:00,,,,,,,,,,,,,,,,,,,No. 1,,,,,,,,,,,,,,,,,,,,,,,,,,,,,,,,,,
6/2/2021 07:00,,,,,,,,,,,,,,,,,,,No. 2,,,,,,,,,,,,,,,,,,,,,,,,,,,,,,,,,,
6/3/2021 07:00,0.1,0.1,0.1,,,,40.5,,0.1,,,0.1,,0.1,0.1,,,,,0.545,,,5.9,0.1,0.1,,30.3,53.7,0.7,,,3.9,0.1,,,0.1,0.1,23.4,,0.4,0.1,4.4,0.1,34.6,0.2,,,0.5449,,,,,0.2
6/4/2021 07:00,,,,,,,,,,,,,,,,,,,No. 2,,,,,,,,,,,,,,,,,,,,,,,,,,,,,,,,,,
6/7/2021 07:00,,,,,,,,,,,,,,,,,,,No. 2,,,,,,,,,,,,,,,,,,,,,,,,,,,,,,,,,,
6/9/2021 07:00,,,,,,,,,,,,,,,,,,,No. 2,,,,,,,,,,,,,,,,,,,,,,,,,,,,,,,,,,
6/10/2021 07:00,0.1,0.1,0.1,,,,41.2,,0.1,,,0.1,,0.1,0.1,,,,,0.542,,,6.7,0.1,0.1,,31,55.3,0.6,,,2.1,0.1,,,0.2,0.1,24.3,,0.1,0.1,2.2,0.1,34.3,0.2,,,0.5419,,,,,0.2
6/11/2021 07:00,,,,,,,,,,,,,,,,,,,No. 2,,,,,,,,,,,,,,,,,,,,,,,,,,,,,,,,,,
6/14/2021 07:00,,,,,,,,,,,,,,,,,,,No. 1,,,,,,,,,,,,,,,,,,,,,,,,,,,,,,,,,,
6/16/2021 07:00,,,,,,,,,,,,,,,,,,,No. 1,,,,,,,,,,,,,,,,,,,,,,,,,,,,,,,,,,
6/17/2021 07:00,0.1,0.1,0.1,,,,43.5,,0.1,,,0.1,,0.1,0.1,,,,,0.5404,,,7.3,0.1,0.1,,29.6,52.4,0.5,,,2.7,0.1,,,0.2,0.1,22.8,,0.2,0.1,3,0.1,36,0.2,,,0.5403,,,,,0.1
6/18/2021 00:00,,,,,,,,,,,,,,,,,,,No. 2,,,,,,,,,,,,,,,,,,,,,,,,,,,,,,,,,,
6/18/2021 07:00,,,,,,,,,,,,,,,,,,,No. 2,,,,,,,,,,,,,,,,,,,,,,,,,,,,,,,,,,
6/18/2021 07:00,0.1,0.1,0.1,,,,38.4,,0.1,,,0.1,,0.1,0.1,,,,,,,,5.9,0.1,0.1,,34.2,60.1,0.7,,,0.1,0.1,,,0.1,0.1,25.9,,0.1,0.1,0.1,0.1,32.4,0.2,,,,,,,,0.2
6/21/2021 07:00,,,,,,,,,,,,,,,,,,,No. 2,,,,,,,,,,,,,,,,,,,,,,,,,,,,,,,,,,
6/21/2021 10:00,0.1,0.1,0.1,,,,37.7,,0.1,,,0.1,,0.1,0.1,,,,,,,,5.5,0.1,0.1,,32.4,58.6,0.7,,,2.2,0.1,,,0.1,0.1,26.2,,0.2,0.1,2.5,0.1,32.1,0.2,,,,,,,,0.1
6/23/2021 07:00,,,,,,,,,,,,,,,,,,,No. 2,,,,,,,,,,,,,,,,,,,,,,,,,,,,,,,,0.5,,
6/23/2021 07:00,,,,,0.5,,,,,0.5,,,,,,,0.5,0.5,,,,,,,,0.5,,,,,,,,0.5,,,,,,,,,,,,,,,,,0.1,,
6/24/2021 07:00,0.1,0.1,0.1,,,,33.9,,0.1,,,0.1,,0.1,0.1,,,,,0.5488,,,4.3,0.1,0.1,,35.1,63.8,0.7,,,1,0.1,,,0.1,0.1,28.7,,0.1,0.1,1,0.1,29.6,0.2,,,0.5487,,,,,0.2
6/25/2021 07:00,,,,,,,,,,,,,,,,,,,No. 2,,,,,,,,,,,,,,,,,,,,,,,,,,,,,,,,,,
6/25/2021 07:00,,,,,0.5,,,,,0.5,,,,,,,0.5,0.5,,,,,,,,0.5,,,,,,,,0.5,,,,,,,,,,,,,,,,,,0.5,
6/25/2021 11:00,,,,,,,,,,,,,,,,,,,,,,,,,,,,,,,,,,,,,,,,,,,,,,,,,,,0.5,,
6/28/2021 07:00,,,,,,,,,,,,,,,,,,,No. 2,,,,,,,,,,,,,,,,,,,,,,,,,,,,,,,,,,
6/30/2021 07:00,,,,,,,,,,,,,,,,,,,No. 2,,,,,,,,,,,,,,,,,,,,,,,,,,,,,,,,,,
7/1/2021 07:00,0.1,0.1,0.1,,,,37,,0.1,,,0.1,,0.1,0.1,,,,,0.5474,,,5.1,0.1,0.1,,31.7,58.8,0.6,,,2.6,0.1,,,0.1,0.1,27.1,,0.3,0.1,3,0.1,31.8,0.2,,,0.5473,,,,,0.2
7/2/2021 07:00,,,,,,,,,,,,,,,,,,,No. 2,,,,,,,,,,,,,,,,,,,,,,,,,,,,,,,,,,
7/5/2021 07:00,,,,,,,,,,,,,,,,,,,No. 1,,,,,,,,,,,,,,,,,,,,,,,,,,,,,,,,,,
7/7/2021 07:00,,,,,,,,,,,,,,,,,,,No. 2,,,,,,,,,,,,,,,,,,,,,,,,,,,,,,,,,,
7/8/2021 07:00,0.1,0.1,0.1,,,,38.9,,0.1,,,0.1,,0.1,0.1,,,,,0.5445,,,5.7,0.1,0.1,,33,57.8,0.7,,,1.9,0.1,,,0.1,0.1,24.8,,0.1,0.1,2,0.1,33.1,0.2,,,0.5444,,,,,0.2
7/9/2021 07:00,,,,,,,,,,,,,,,,,,,No. 2,,,,,,,,,,,,,,,,,,,,,,,,,,,,,,,,,,
7/12/2021 07:00,,,,,,,,,,,,,,,,,,,No. 1,,,,,,,,,,,,,,,,,,,,,,,,,,,,,,,,,,
7/14/2021 07:00,,,,,,,,,,,,,,,,,,,No. 2,,,,,,,,,,,,,,,,,,,,,,,,,,,,,,,,,,
7/14/2021 10:00,0.1,0.1,0.1,,,,40,,0.1,,,0.1,,0.1,0.1,,,,,0.5453,,,5.6,0.1,0.1,,30.6,55,0.6,,,3.4,0.1,,,0.1,0.1,24.4,,0.3,0.1,3.8,0.1,34.3,0.2,,,0.5452,,,,,0.2
7/16/2021 07:00,,,,,,,,,,,,,,,,,,,No. 2,,,,,,,,,,,,,,,,,,,,,,,,,,,,,,,,,,
7/16/2021 07:00,0.1,0.1,0.1,,,,42.2,,0.1,,,0.1,,0.1,0.1,,,,,0.5433,,,5.3,0.1,0.1,,30.8,53.9,0.5,,,2.5,0.1,,,0.1,0.1,23.1,,0.2,0.1,2.8,0.1,36.8,0.2,,,0.5432,,,,,0.2
7/18/2021 07:00,0.1,0.1,0.1,,,,42.3,,0.1,,,0.1,,0.1,0.1,,,,,,,,5.1,0.1,0.1,,31.5,55.4,0.5,,,1.1,0.1,,,0.1,0.1,23.9,,0.1,0.1,1.2,0.1,37.1,0.2,,,,,,,,0.1
7/19/2021 07:00,,,,,,,,,,,,,,,,,,,No. 2,,,,,,,,,,,,,,,,,,,,,,,,,,,,,,,,,,
7/21/2021 07:00,,,,,,,,,,,,,,,,,,,No. 1,,,,,,,,,,,,,,,,,,,,,,,,,,,,,,,,,,
7/22/2021 07:00,0.1,0.1,0.1,,,,37.2,,0.1,,,0.1,,0.1,0.1,,,,,0.5459,,,5,0.1,0.1,,33.2,60.7,0.6,,,0.9,0.1,,,0.1,0.1,27.5,,0.1,0.1,0.9,0.1,32.2,0.2,,,0.5458,,,,,0.2
7/23/2021 07:00,,,,,,,,,,,,,,,,,,,No. 2,,,,,,,,,,,,,,,,,,,,,,,,,,,,,,,,,,
7/26/2021 07:00,,,,,,,,,,,,,,,,,,,No. 2,,,,,,,,,,,,,,,,,,,,,,,,,,,,,,,,,,
7/28/2021 07:00,,,,,,,,,,,,,,,,,,,No. 2,,,,,,,,,,,,,,,,,,,,,,,,,,,,,,,,,,
7/29/2021 07:00,0.1,0.1,0.1,,,,45.6,,0.1,,,0.1,,0.1,0.1,,,,,0.5367,,,7.6,0.1,0.1,,31.3,52.8,0.6,,,0.5,0.1,,,0.2,0.1,21.5,,0.1,0.1,0.5,0.1,37.8,0.2,,,0.5366,,,,,0.1
7/30/2021 07:00,,,,,,,,,,,,,,,,,,,No. 3,,,,,,,,,,,,,,,,,,,,,,,,,,,,,,,,,,
7/30/2021 07:00,,,,,,,,,,,,,,,,,,,,,,,,,,,,,,,,,,,,,,,,,,,,,,,,,,,,,
